comment_author,comment_likes,comment_text,video_id
@므훗-b1x,19,설인아가 진짜 예쁨,Vj4cr2Ijm6U
@organic.mozza_1007,12,아닠ㅋㅋㅋㅋㅋㅋㅋ살쪄서 팬티가 말려올라간걸 어뜩하라구ㅠㅠ,Vj4cr2Ijm6U
@사랑초-x2i,2,"이종범  무개념 배드휘둘른거  
충격이었슴
장나라  트라우마  걱정됐었슴",Vj4cr2Ijm6U
@핑핑-h8j,2,와 설인아 원래 이쁘긴한데 저때 몇살이야 너무이쁘다 원래 운동조아해서 그런지 공도 잘던지네❤,Vj4cr2Ijm6U
@개개-k5r,2,예전에 그게 레전드였는데 여가수였나 여배우였나 시구했는데 졸라 쌔게쳐서 그 시구한사람 옆으로 공 쌔게 지나가면서 맞을뻔한거…,Vj4cr2Ijm6U
@soohohwang,2,자기랑 구속이 비슷해서 놀란 거임,Vj4cr2Ijm6U
@ComtechSH,1,이거 본인 구속보다 높아서 지린거임 오해들 하지마셔요,Vj4cr2Ijm6U
@lemonade1404,1,"음.. 번호 물어보는 거, 소개팅, 어플 같은 걸로 여자 많이 만나봤는데, 첫 만남에 구두 신는 거 여자들 안좋아함.. 그냥 그저 그런 여자들은 남자에 환상이 있어서 별 생각 없는데, 이쁘장하고 인기 많은 여자 애들은 남자 많이 만나봐서 남자들 구두 신는 거 되게 깬다고 생각함. 특히 걔네들은 남자들이 자기 만나는데 힘주고 뭐 바르고 꾸민 티 나는 거 츄리닝 입은 거보다 더 싫어함. 괜히 여자들이 후드티, 맨투맨 잘 어울리는 남자가 이상형이라고 하는 게 아님. 경험상 여자들이 가장 좋아하는 건 컨버스, 회색 뉴발란스, 아디다스 슈퍼스타 같은 클래식한 스니커즈, 운동화였음. 괜히 스테디가 아님. 에어포스, 덩크, 조던 이런 건 너무 애 같다고 싫어하더라. 정 구두 신고 싶으면 닥터마틴 더비 신어라.",Vj4cr2Ijm6U
@user-wudbciskebficeg,1,낚였네...,Vj4cr2Ijm6U
@워니빠빠,1,아익오일마야,Vj4cr2Ijm6U
@갱갱갱-f3i,1,유희관 빠따도 대단하네,Vj4cr2Ijm6U
@박정훈-f9s5u,1,예의 바르고,Vj4cr2Ijm6U
@박정훈-f9s5u,1,인아는 착해,Vj4cr2Ijm6U
@박정훈-f9s5u,1,인아 널 사랑해,Vj4cr2Ijm6U
@juhyeokpark4238,1,아 끼는건 바로바로 빼줘야지 ㅋㅋㅋ,Vj4cr2Ijm6U
@dnflrkwhrakstp,1,희관이형 머해 ㅋㅋㅋㅋㅋㅋㅋㅋㅋㅋㅋㅋㅋㅋㅋㅋㅋ,Vj4cr2Ijm6U
@조린우엉,1,정말 예쁘다,Vj4cr2Ijm6U
@강아지-q2j7r,1,불쾌ㅋㅍ,Vj4cr2Ijm6U
@인생한번-x4s,1,어디가? ㅋㅋㅋㅋㅋ ㅋㅋㅋㅋ ㅋㅋㅋㅋㅋ 도대체 🤦,Vj4cr2Ijm6U
@sharkman009,1,투수가 잘못했네,Vj4cr2Ijm6U
@노래추천받음,1737,"*""반대쪽이예요""*",edpVwsY8djw
@슬기로운필기생활,1026,지리네,edpVwsY8djw
@2021-ab,371,무심한게 멋있다,edpVwsY8djw
@JOMINI_0902,81,와.. 표정이 살린듯 ㅋㅋ,edpVwsY8djw
@Gun-q9x,51,쩐다 ㅋㅋ,edpVwsY8djw
@MinotL82,40,???  : 어 설마 딱 멈출라나..하고 지켜봤는데 사람들이 노렸다고 해주네,edpVwsY8djw
@앱등이-IP16,31,이야 쩐다,edpVwsY8djw
@락스S2,30,잠 다잤네,edpVwsY8djw
@Bdal1105,22,저거 어케한거임?! ㄷㄷ,edpVwsY8djw
@t.j.couple,18,페널티킥인데 저기로 찬줄 ㅋㅋㅋㅋㅋ,edpVwsY8djw
@고고대우,8,뛰어가야함?,edpVwsY8djw
@aposq,7,끝까지공을봐? 일류아니네,edpVwsY8djw
@STAy_1028,6,잡기술만 하고있으니 팀꼴이 그렇지ㅋ,edpVwsY8djw
@holabird6529,5,홀인원이요,edpVwsY8djw
@화룡점점점,4,"국내 경기장에선 
저 기술이 절대 통하지 않는다.
드록바처럼 실패 후 자연스러움을
표현해야 할 것이다.",edpVwsY8djw
@Jiwonn22,4,‘브라질‘,edpVwsY8djw
@ulchani,3,"댓글들 보는데 나만 이해 못하는거임?
인플레이인 상황인데 뭔 코너킥?",edpVwsY8djw
@김윤서-s7o,3,쎄엑스,edpVwsY8djw
@류세아-m9i,1,찰 위치 찍어주내 ㅋㅋ,edpVwsY8djw
@바디나이스,1,플라맹구 이 십새끼들 꼭 망해라,edpVwsY8djw
@용문산-w8u,2,"ㅋㅋㅋ.
잼있네요.",pRRyteaqH7M
@mammosyou,1,잘만들었다ㅋㅋㅋ,pRRyteaqH7M
@KJHS21118,1,와..,pRRyteaqH7M
@헝그리거hungry,1,뛰는 폼도 어이없는데 마무리 골 모션도 저세상 엉성함이네ㅋㅋㅋㅋㅋㅋㅋㅋㅋㅋㅋㅋㅋㅋ,pRRyteaqH7M
@rkskekfkakqktkdjwjcj,1,중국으로 가라,pRRyteaqH7M
@user-sx1zj5rk5w,1,누가 이런 족같은 걸 올리냐? 할 일이 그렇게 없냐? ㅋㄷ,pRRyteaqH7M
@FOKFederationOfKorea,1,통(x9) 트럼통,pRRyteaqH7M
@S.H-h9o,0,더 녹아내리자 대공황가즈아 또럼프야,pRRyteaqH7M
@HammmmmSY,0,@mong-sili 이거 너무웃긴데 태그가 되려나 ㅋㅋㅋㅋ,pRRyteaqH7M
@함상호-l1p,0,모지리,pRRyteaqH7M
@rlarkd7628,0,🤣🤣🤣🤣🤣🤣🤣🤣🤣🤣🤣🤣🤣🤣🤣🤣🤣🤣🤣🤣🤣🤣🤣🤣🤣🤣🤣🤣🤣🤣🤣🤣🤣🤣🤣🤣🤣🤣🤣🤣🤣🤣🤣🤣🤣🤣🤣🤣🤣🤣🤣🤣🤣🤣🤣🤣🤣🤣🤣🤣🤣🤣🤣🤣🤣🤣🤣🤣,pRRyteaqH7M
@크하하-k8b,0,폭싹 녹았수다,pRRyteaqH7M
@asd_asasd,0,손흥민 번리전 푸스카스골에 합성한거네 ㅋㅋㅋㅋ,pRRyteaqH7M
@Black_hole6532,0,녹아내리는 여러분의 주식 ㅅㅂㅋㅋㅋㅋㅋ,pRRyteaqH7M
@도자긔,0,ㅇㄱ ㅈㅉㅇㅇ?,pRRyteaqH7M
@matari-x8b,0,녹아내리는 여러분의 주식!ㅋㅋㅋㅋㅋ,pRRyteaqH7M
@k만송,0,중공박살 트럼프화이팅개한민국언론방송가짜뉴스 금융치료부탁합니다. 부정선거증거 공표해주세요,pRRyteaqH7M
@비욘태,0,알리는 왜 뒤에서 안아주냐? ㅋㅋㅋ,pRRyteaqH7M
@young5449,0,퇴장 각호하고 또랑프 살인테클 들어가야 할듯,pRRyteaqH7M
@Boki_Oppa,0,"역시. 쏘니의 질주는 반대편으로 봐도, Ai로봐도 예술이네 ㅋㅋㅋ",pRRyteaqH7M
@올드만게리,2,"미국갔으면 그나라 문화에맞게 그냥 좀 조용히 쳐보지
뭔 민폐야 저게",BIa4O-EY6u4
@Have_a_good_time_,2,"저 응원소리 분명히 들렸을거 같은데 
웃참 어떻게 했지 ㅋㅋㅋ 멘탈 강하네 ㅋ🤭",BIa4O-EY6u4
@kakagodwnable,2,이젠 샌프란시스코 선수입니다...,BIa4O-EY6u4
@ssfyfcxx,1,바이브는 우리것이 아닌디,BIa4O-EY6u4
@혁우-c3x,1,저정도면 팀킬임 ㅋㅋㅋ 집중해서 무의식에 들어가야하는데 아득히 멀리서 들리오는 키움 응원가 나는 아직 한국을 못벗어난건가 여긴 어딘가 하는 순간 망함 그래서 한복판 공도 멍때림 ㅋㅋㅋ,BIa4O-EY6u4
@김태영-m7e6g,1,음정은 뒤지게 안맞노,BIa4O-EY6u4
@gyusa9827,1,근데 솔직히 힘나겠다 ㅋㅋ,BIa4O-EY6u4
@하이야이야,1,날려붜료롸~,BIa4O-EY6u4
@Zo_ok_Kim,1,뭔 개 민폐냐ㅋㅋㅋ 저러니 동양인 욕먹지,BIa4O-EY6u4
@reolucas856,1,존나 개오그라드노 적당히 응원해라,BIa4O-EY6u4
@새씨뒤,1,저거 때문에 3루타침ㅋㅋ,BIa4O-EY6u4
@-mcr-kickthedoor9820,1,"독일 월드컵 스위스전 때 
관중석에서 두산 깃발 휘날리던거 생각나네 ㅋㅋㅋ",BIa4O-EY6u4
@송행운-s2j,1,아  웃기라... 웃기서 못치겠따,BIa4O-EY6u4
@이민우-c2z6b,1,앞으로는 국가적 차원에서 목소리 음감 테스트후 보내는걸로 합시다. 날려보내라 음이 너무 불안정!!,BIa4O-EY6u4
@hannakana,0,ㅅㅂ 저걸 안웃넼ㅋㅋㅋㅋㅋㅋㅋㅋㅋㅋㅋㅋㅋㅋㅋㅋㅋㅋㅋㅋㅋㅋㅋㅋㅋㅋㅋㅋㅋㅋㅋ,BIa4O-EY6u4
@VAR판독기,0,기껏 귤 하나 나눠먹는 곳에서부터 도망쳐 나왔는데 들려오는 공포의 잔재...,BIa4O-EY6u4
@베비슈나우저,0,가만 들어보니 이!정!후! 부분은 몇명이 같이 불러주시네..ㅠㅠㅠ가사는 정확히 몰라도 관심 가져주는 현지 팬들이 많음에 자랑스럽다,BIa4O-EY6u4
@yoonsehyeon,0,한국인같음 키움아재,BIa4O-EY6u4
@MasonNam,0,"안톼안톼 날려보료라! ㅠㅠ 진짜 찐팬인가보다 
이정후 화이팅!",BIa4O-EY6u4
@wonderfulworld-y1q,0,"왜 눈물이 나냐??
이정후 진짜 멋찌게 하자!!!!!",BIa4O-EY6u4
@상어티비happy,76,김종호 바베큐 소스에 미쳤냐❤,b4vLTTPLXgs
@SujeongJeong,3,"손흥민 <- 중소기업 선수
외질 <- 업계 탑 기업선수",b4vLTTPLXgs
@ze-zed,3,손흥민 선수는 원래 퍼스트 터치가 좋은 선수가 아니라서..,b4vLTTPLXgs
@조두순조강현조국,2,손창민 터치는 월드쓰레기급임 ㅇㅇ,b4vLTTPLXgs
@X_Rimuru77-_-77Tempest_X,1,"이름이 외? 
질이야?",b4vLTTPLXgs
@애무부장관-e4p,1,"역대는 베르캄프,지단 아님?",b4vLTTPLXgs
@keybaeglee8442,1,"손흥민을 왜여기에 끼는거냐
이피엘 퍼스터치 하위 5위안에드는 
고질병가진앤데",b4vLTTPLXgs
@noisia4515,1,"퍼스트터치 탑2는 마레즈랑 지단
마레즈보다 뛰어난 선수 여태 못봄
그나마 마르셀루나 호나우지뉴가 비슷한 수준이라고 생각함",b4vLTTPLXgs
@Best.Of.Bes.t,1,"뭐 외질이 땅볼로 오긴해도
나온 선수들 다 합쳐도 외질 미만임 ㅋㅋ",b4vLTTPLXgs
@iLikeJordan1,1,솔직히 마르셀로도 ㅈㄴ 맛있음 받는거,b4vLTTPLXgs
@노래추천받음,1,높이가 다르잖어,b4vLTTPLXgs
@로은대디-y3b,0,"검거하지말고 수사지원금도 주지말고, 법무부에서 화장실도 못쓰게 돈줄 끊어야 됩니다. 리짜이명",b4vLTTPLXgs
@그시절-u6o,0,JK는 그냥 가볍게 잡는데,b4vLTTPLXgs
@서윤석-f2v,0,😢,b4vLTTPLXgs
@jinhohan3084,0,"베르캄프, 지단",b4vLTTPLXgs
@곤살레스,0,외질은 땅볼이잖아.,b4vLTTPLXgs
@컴온-p2g-e4c,0,농민이 따위가 저기에 어떻게 끼냐 ㅋㅋㅋ,b4vLTTPLXgs
@배달중독자,0,손흥민은 일반 터치도 잘못하지않나....,b4vLTTPLXgs
@니선-b5n,0,퍼스트 터치면 베르캄프지,b4vLTTPLXgs
@Y_jh_,0,손흥민의 터치는 앰창터치로 유명하다,b4vLTTPLXgs
@yyyyyyy-h8y,11,심판이 불어야 시작아님?,YDSUh1ekb9w
@플라워-o2u,8,코너 반대쪽에서 해야지 반칙임,YDSUh1ekb9w
@김태민-i9m,5,볼보이한테 줘야지 심판은 공 안받는다,YDSUh1ekb9w
@jongchulkwon4840,1,그리고 저렇게 했다면 경기방해로 최악의 경우 경기장에서 쫒거남...,YDSUh1ekb9w
@이낚시-n4r,1,빠르게안햇는데?ㅋㅋ 수비다들어왓다 ㅋ,YDSUh1ekb9w
@김반장-x2q,1,"억까 영상은
차단",YDSUh1ekb9w
@kksomdr,1,"공 줍는 순간이 2번 나오는데, 좌우 반전이네요. 처음엔 왜 반대로 공을 던지냐 했네. 일부러 좌우반전했나?",YDSUh1ekb9w
@MK-zp7mu,0,되도않는소릴하네,YDSUh1ekb9w
@JJ-jk7ox,0,개소리임...자세히보면 코너킥찰선수가 공던지는거 날아오기전에 이미 라인에 볼세우고 찰준비다끝나있음...경기방해임 ㅋㅋㅋ,YDSUh1ekb9w
@정미용-t9x,0,억까영상 이거 좌우 반전이네,YDSUh1ekb9w
@최대규-l3q,0,"골아웃은  좌측인데  좌측코너킥인데
지금은 좌측이 아니고 우측에서 코너킥햇으니깐  골인정 안돼지
저건 코너킥 잘못찬것같은데",YDSUh1ekb9w
@gsk3907,0,축구 첨보나?,YDSUh1ekb9w
@구경꾼-c5i,0,개억지 영상,YDSUh1ekb9w
@아랑사신,0,왜 이사람때문인지? ㅋㅋ,YDSUh1ekb9w
@땅땅이-d2g,0,이건 그냥 관중이 비매너 ㅂㅅ짓 한거잖아,YDSUh1ekb9w
@프사끌릭ON니펜스PREMIUM,869,*사람 머리와 잡다한 요소들의 차이가 너무 심해 편집한게 완전 드러나네요ㅎ*,B_Mwoch-ee8
@권동욱-j8z,299,두 번째는 그냥 죽이려고 하는 거 아님,B_Mwoch-ee8
@Fir_un,191,걍 주작인게 너무 티나는게 사람 머리밑에 구멍 틈이 크게 있다가 cg로 메꿔지기도하고 세번째 장면 같은 경우에는 사람머리가 합성인거 마냥 분할되어있음,B_Mwoch-ee8
@Galpang0906,39,그냥 축구공은 아래 뭔가 바쳐주는데 사람머리는 아레 안바쳐주고 너무 티남,B_Mwoch-ee8
@프사클릭_I_9_금_Onlyfans,31,*사람 머리와 잡다한 요소들의 차이가 너무 심해 편집한게 완전 드러나네요ㅎ*,B_Mwoch-ee8
@조선영xh1234,4,님들 이유튜버 걍 주작이고 짜고치는거임,B_Mwoch-ee8
@shrimp-생새우,4,누가봐도 가짜는 아래가 티남,B_Mwoch-ee8
@정은애-x4z,2,저 정도면 그냥죽는거아😅님,B_Mwoch-ee8
@tv-tm6mr,2,아프겠다,B_Mwoch-ee8
@Goraebar_moc,2,일부러 진짜 안맞추는거 같은데 ㅋㅋㅋㅋㅋ,B_Mwoch-ee8
@gyusa9827,1,어차피 저거 설탕 유리병 그거일꺼아니야  ㅋㅋ,B_Mwoch-ee8
@빅프,1,두번째 개치사하게 하나 더 날리고 가서 확률높힘ㅋㅋㅋㅋ,B_Mwoch-ee8
@김경란-d7o,1,구독중이에요,B_Mwoch-ee8
@KyleKarus,1,"주작이나 퍼오기나 거기서 거기아님?
라고하는데 스토리님이네 ㅋㅋㅋ",B_Mwoch-ee8
@운빨승부-y7p,1,근데 첫번째 사람 게이임ㅋㅋ(ㄹㅇ근데 진짜임),B_Mwoch-ee8
@블럭종,1,아니 밑에 떨어진 가루같은거 때문에 내 폰에 뭐 묻어 있는줄 알았네 ㅋㅋ,B_Mwoch-ee8
@재민최-m6y,1,저분들 1억 구독자임,B_Mwoch-ee8
@NOOBPMYTV,1,🎉🎉🎉🎉🎉🎉🎉🎉❤❤❤❤❤😊😊😊😊😊😮,B_Mwoch-ee8
@Jin-z6s6o,1,숀이다,B_Mwoch-ee8
@user-mt4rn9ex5h,1,약 9천만명에서 1억명된 외국 유튜버구만 컨텐츠 보니까 재밌음 ㅋㅋㅋㅋㅋㅋ,B_Mwoch-ee8
@정태권-v1f,17,"부상당하지말고
정후야 건강하게
메이저 잡자",CCtdzsPpTl8
@환진강,10,"놀라운 속도
대단한 집중력
프로란?
하루가 기다러집니다",CCtdzsPpTl8
@l9많다_냬챼녈에_s28RqY,7,ㄹㅇ 투수가 든든하면 승리도 든든하겠다 ㅋㅋ,CCtdzsPpTl8
@Jtoru,2,"요즘 이정후 보는 재미가 진짜~~~~~~^^
부상 당하지 말고 쭈우욱!!!",CCtdzsPpTl8
@임성현-h6v,2,다치지 말고 거기서 롱런하자,CCtdzsPpTl8
@jariamaria116,2,한국 제일의 선수인데 이 정도야.,CCtdzsPpTl8
@설대인,1,이걸 잡네...ㅎㅎ 제발 부상없이 가자.,CCtdzsPpTl8
@이쁜태리냥,1,안타성  👍 👍 👍,CCtdzsPpTl8
@조풍기-j3b,1,나이스,CCtdzsPpTl8
@diamondbackhide4877,1,정후야 넌 그냥 부상만 안당하면 돼.,CCtdzsPpTl8
@민-w7n,1,오메.. 믓쪄분거👍👏🙆‍♀️💚,CCtdzsPpTl8
@phs2278,1,"솔직히 저거 놓칠줄알았는데, 잡아버림!
정후도 흥해라!😊",CCtdzsPpTl8
@Sunset_Guy,1,응원한다.,CCtdzsPpTl8
@찐이야v,1,샌프가 영입한 샌프황하고는 급이달라서 완전 신이났을듯 재균이도갔을때 저렇게 잘됬어야했는데,CCtdzsPpTl8
@김기석-h7u,1,잘한다,CCtdzsPpTl8
@kugmin0617,1,대단하다..,CCtdzsPpTl8
@igj972,1,바람의 손자 ~~ 달료~~~ 👍,CCtdzsPpTl8
@김창남-x5w,1,이런 분을 보면... 유전 더하기 노력은 넘사벽이란 걸...,CCtdzsPpTl8
@뽀삐꼬미,1,바람의 아들아닌가~이정후 최고다~전라도 좌파들은 이승엽선수 싫어하지~경상도샤람들은 전라도 선수지만 우리 대한민국 국민 이정후 선수 엉청좋아하지~,CCtdzsPpTl8
@킴지-z4p,1,바람의 아들의 아들,CCtdzsPpTl8
@GJW99,722,"SSG 1차지명은 10여년전에 결정되었다고 저흰 생각합니다
다만 이 선수가 어떻게 성장하고 어떤모습으로 지명할지 궁금했는데
정말 기대대로 성장한 선수 같습니다
저희가 보기로 야구에 대한 진지함 천재성보다 노력하는 모습이 돋보이는
그러면서 스타성도 있다고 생각합니다
저희가 지명할 선수는 동산고등학교 박주원입니다.",8rXuNP5mIJk
@singyu.k9047,692,"지옥에서도 데려온다는 좌완!! 귀하다..
잘 커서 프로로 와주길..",8rXuNP5mIJk
@KokotdakKoko,5,광현이 자리 곧있으면 빈다 청라 같이가자..,8rXuNP5mIJk
@김지완-l8m,4,박주원 멋있당🎉🎉🎉,8rXuNP5mIJk
@meu9701,3,롯데: 너무 잘하면 또 우리가 데려간다,8rXuNP5mIJk
@이병구-d9q,2,"좌완인디...😮 호오... 
자네 우리 롯데 올 생각없나?",8rXuNP5mIJk
@쿠잉-s1q,2,폼 이뿌게 던지네~~,8rXuNP5mIJk
@D_D77,1,"10년 후...
저희 한화는 류현진수석코치를 필두로 코칭예정입니다.
한화의 구세주🎉🎉",8rXuNP5mIJk
@림진,1,"자세가 아주줗고
메카니즘이 공에 힘이 실립니다",8rXuNP5mIJk
@9944Kal,1,한화 가면 류현진급 되나?,8rXuNP5mIJk
@mptsportsworld293,1,차우찬,8rXuNP5mIJk
@ducktv4375,1,맨첨 자막에 랜더스유소년 야구단이라고 써있는거보니 유소년 팜인가 보네요 ㅎㅎㅎㅎ,8rXuNP5mIJk
@YhMo-mb8yx,1,🎉한화 5선발 바로계약,8rXuNP5mIJk
@badbreathdunghead2683,1,유소년 야구 선수자나 ㅡㅡ,8rXuNP5mIJk
@박작가-h6h,1,심지어 좌완😮,8rXuNP5mIJk
@리차드후진기차,1,잼수 가 좋아하는 최애 열네면,8rXuNP5mIJk
@idrtdfftf54,1,우디르가 뭔지 모르겠다만 이대남 용어좀 쓰지말자 진짜 ㅡㅡ,8rXuNP5mIJk
@데이빗-o5x,0,기아 윤영철보다 공 빠를듯,8rXuNP5mIJk
@에드나인,0,내가 지금 던져도 저렇게는 못던지겠다 ㅋㅋㅋㅋㅋ,8rXuNP5mIJk
@nhj9627,0,커쇼인줄,8rXuNP5mIJk
@미숙유-n2i,2,"여자가 진짜 못됐어요.
남편을 벌레.쥐잡듯이  무섭던데.
남편 사랑이 없는 여자 같았어요.
이혼하지~~~생각했는데.
부모도  여자가 맘에 안들었겠죠
불쌍한 강지용.
이혼하고 혼자살지.   못된여자",6mYZccMXw3k
@좀비토끼-q5h,2,"부모가 소시오패스라 봐야한다. 첫째 아들도 빚에 허덕이다가 동생인 강지용한테 보증서달라하고 후에 자살, 강지용힌테 빚 보증부탁하라고 누가 말했겠냐고 부모가 다 조종해서 아들들 인생을 담보로 돈벌고 그 돈으로 호의호식하면서 아들들은 다 자살하게 만드네. 진짜 무서운 인간들이다.",6mYZccMXw3k
@월천목,2,"아니 부모가 어찌.....
두 자식을 앞세우고 삶이 살아지나....",6mYZccMXw3k
@슈팅-p3m,1,"못되먹은 부모
있더라구요

나이가 많다고 다 어른이
아니랍니다
타고난 인성등등,,
나이먹어도 똑같어요..
얼마나 힘드셨을까
고인의 명복을 빕니다",6mYZccMXw3k
@서울공주-t6h,1,손자도이제는소닭보듯이할듯.느낌상.아들이죽었는데도저런거보면.방송봤는데.고인.화가.엄청많았고.극도의스트레스받고있었는듯.ㅠㅠ,6mYZccMXw3k
@인순김-u7x,1,세상 저런 못돼  쪄먹은 부모라고   하지마라,6mYZccMXw3k
@정말자-y2d,1,와이프하고 싸우는거 보니 여자도 만만찮데요? 돈이 없는게 남자탓이라니..~~,6mYZccMXw3k
@yumi0381,1,"못된부모가 죽음으로 몰아갔네...ㅉㅉ
삼가고인에 명복을 빕니다..",6mYZccMXw3k
@js-dr5ss,1,이혼숙려캠프  나오신분 아닌가요??    안타깝네요     잘사시길 바랬는데..,6mYZccMXw3k
@pmspyl,1,부모가 사람이 아니구나...,6mYZccMXw3k
@진희-c1l,1,낳아서 길러서 자식땜에 지들만 잘먹고 잘살고 있내 지들인생을 살기위해서 자식을낳내,6mYZccMXw3k
@ksk-7d,1,지식한테 등골빼먹는 부모들도 있더라구요 ㅠ  지자식 부모가 죽여놓고  며느리잡는 시댁,6mYZccMXw3k
@min-cs2gi,0,"아내도 참 착하던데..
자식한테 빨대 꽂는 부모들은 어떤 뇌 를 가지고 있는지 진심 궁금..",6mYZccMXw3k
@이은진-s7e,0,50평대 살고싶어 아들 2명을 저리 보냈네...,6mYZccMXw3k
@기마이-l5b,0,부모가 부모가 저식들을 다 죽였네 ㅠㅠ고인의명복을 빕니다,6mYZccMXw3k
@이세정-j6p,0,"아침눈뜨자마자 남편이 지용죽었데라는말이 믿기지않아서 뭐?
그게말이되?라고말하며 안타까워했습니다.  아내와 아이가 잘살아가길 바라고 지용씨 제발 좋은곳에가서 고통받지말아요.",6mYZccMXw3k
@동동동-h9h,0,부모 때문은 아닌 듯. 본인이 부모한테 돈 못받는 거에 대한 스트레스 없었음.,6mYZccMXw3k
@양말이맘,0,"부모님 행복하신가요? 
자식 둘을 앞세우고 정말 잘 드시고 잘 싸시고 남은 인생 잘 사세요 쯔!쯔!쯔!
부모라고 다 같은 부모가 아니다!!!",6mYZccMXw3k
@유머일번지-r1i,0,"이런 미친부모들 천지다 아내년도 참 못됗구
참좃같은 세상이다",6mYZccMXw3k
@고지영-o4j,0,부인도 너무 몰아세우기만 해서 넘 화가 치밀던데  좀 잘해주지 그랬어요?,6mYZccMXw3k
@클릭_I9X_땔감헌터_X1O1,1198,"*반칙은 위반이지만, 종종 가장 창의적인 순간이기도 하죠! ⚽️🔥*",sDMmeUeKR3Q
@집트레칭,639,네이마르는 맞을짓을 많이하고 비니시우스는 욕먹을짓을 많이함,sDMmeUeKR3Q
@페더엘리어스,387,"지뉴는 진짜 몰랐을 수도 있어..
음바페는 상대 키퍼가 실수한거임",sDMmeUeKR3Q
@spo_shorts,279,골킥 차려는데 훔치는건 좀....😂,sDMmeUeKR3Q
@Ddong_Ssasyo11,124,음바페가 뺐은거는 반칙 아님 ㅋ,sDMmeUeKR3Q
@하늘다람쥐-100Q,90,"공이 지면에 닿았으면 뺏을수 있고
아니면 공 공중에 체류되어 있으면 반칙임",sDMmeUeKR3Q
@GGGG-u8d9n,88,음바페 빼고 다 파울임,sDMmeUeKR3Q
@I9딸Q야뎡r5볼래x,45,ㄷㄷㄷ 지금이니! 아이니! 🔥🔥ㄷㄷㄷ,sDMmeUeKR3Q
@BabyPiggg,11,"저런건 반칙으로 금지해야하지 않나
너무 비매너 같은데",sDMmeUeKR3Q
@helloimwony,6,다크사이트가 킥이네 ㅋㅋㅋㅋㅋ,sDMmeUeKR3Q
@김형민-d6w,5,"근데 축구를 안보는데 궁금한게 있는데 
오프사이드는 왜 있는 규칙임?
그냥 골 넣으면 넣은거지
그냥 그럼 전략적으로 수비수들 골대근처에 안 있고 먹힐거 같으면 모두다 상대진영 빤스런치면 절대 골 안먹히는거 아님? 뭔 규칙임 대체?",sDMmeUeKR3Q
@healing_box4101,4,2003년 고등학생 시절 저 규칙이 잠시나마 바뀌면서 골키퍼가 두손으로 잡고 있지 않는 이상 킥 찰 때나 한손으로 들고 있을 시 뺏어도 반칙이 안되는 규정이 생겼었습니다. 이 규칙은 몇 달도 채 안되어 경기의 질을 떨어뜨린다 하여 개정 됬었어요 대회 때 포워드들 골킵 공 잡으면 앞에서 하이에나 마냥..그때 생각하면 참..실제 대회에서 저랬던 기억이 나네요..,sDMmeUeKR3Q
@호롤룰루-n2z,3,5년 늙어버린 호날둨ㅋㅋㅋ,sDMmeUeKR3Q
@plusj3003,2,저거 공뺏는다리랑 같이 차버리면됌 카드안받음,sDMmeUeKR3Q
@Hunnthtr,2,본인 팀도 모르게 하네 이게 ㄹㅇ 크렉이지,sDMmeUeKR3Q
@찢칠라-e5f,2,ㅈㄴ비매너다ㅋㅋ,sDMmeUeKR3Q
@Bubblebubble.-0-,2,키퍼 몸에서 공떨어진걸 건드는게 반칙이야?,sDMmeUeKR3Q
@수철이-v9c,2,반칙인거 알면서 도대체 왜그러는거지??,sDMmeUeKR3Q
@sshine6082,1,"비신사적인 행동으로 퇴장이다.
스포츠 정신에 위배된다.",sDMmeUeKR3Q
@izi1922,1,"저걸 시도하는것부터가 아직 사람색기가안된거임
그냥 11명 전부 상대 골키퍼한테 몸비비면서 시작하지그러냐
나머지는 다 그렇다쳐도 들고있는 공 대가리로 뺏고 차는건 뭐하는색기냐;",sDMmeUeKR3Q
@JS-zz9po,85,와 노바운드로 저리까지 가다니 ㄷㄷ.....,zSHPaX0Yf5U
@TV-bu8bt,40,나도 20대때 축구경기중 중간 하프라인에서 찬 골이 그대로 골인 됬었다...그때 내 가슴이 얼마나 웅장했던지?  녹화되었다면 내 인생 골인데....너무 아쉽다.  흘러간 내 청춘~,zSHPaX0Yf5U
@HANDLE-핸들,19,몇번이나 돌리는거야..,zSHPaX0Yf5U
@sj-ec2oq,10,저거 골키퍼 안건들었어면 😢골이아닌데😂😅❤,zSHPaX0Yf5U
@allrarry,9,와~ 역시 흑형들의 다리의 힘이란~,zSHPaX0Yf5U
@michaeloh7685,8,"손에 들고 찼으니까. 노골이 잖아!
아 상대 골키퍼가 멍청하게 손을 댔구나.",zSHPaX0Yf5U
@BLackDRaGon-hw5jh,8,"나도 국민학교 시절 때, 골기퍼 역할 한 적 있었는데
체육시간 때였나.. 점심시간 때였나..
그 때 공을 공중에 띄우고 발로 까서 저 너머
골대 까지 골인 해서 혼자서 ""골!"" 했었는데
같은반 였던 학생이 ""이건 무효!"" 라 해서
그래 처리 됬었음..",zSHPaX0Yf5U
@yongholee5810,8,독수리~~ 슛!,zSHPaX0Yf5U
@ssinsin8959,6,"구장이 작은거겠지만...그래도 한번에 들어가다니 ...
정식구장에서 저정도 킥력이면 하나의 전술도 되긋다 ㅋㅋㅋㅋㅋㅋㅋ
조금은 못막아도됨 ㅋㅋㅋㅋ",zSHPaX0Yf5U
@Harry_Mione,6,놔뒀으면 노골인데 ㅋㅋㅋㅋㅋ,zSHPaX0Yf5U
@darricklee2532,6,슛을 4번이나 보게만들어 편집도 지랄이다,zSHPaX0Yf5U
@user-bi7eo5dl8c,5,우리는 저걸 골키퍼 차이라고 부르기로 했어요,zSHPaX0Yf5U
@ddasik70,4,"저거 상대 키퍼가 안막았으면.....노골인데.....
건드는 순간 득점시 인정되는 상황이되어서....
참나.....",zSHPaX0Yf5U
@버블진죠,4,"""삼가고인의 개쩌는 영상""",zSHPaX0Yf5U
@김윤자-x8b,4,멋진골인. 나이스..,zSHPaX0Yf5U
@user-im3yi9wk3i,3,"AI영상  포물선이 아니라 
중간에 한번 더 튀어오름
미드필드 부근에서 중거리
슛 한 듯",zSHPaX0Yf5U
@LI-ud5mp,3,"야이..저걸막을려고하노...
아무튼 습관이라는게 무섭노",zSHPaX0Yf5U
@김백성,3,저 골키퍼 안 맞았으면 노골인데ᆢㅋ,zSHPaX0Yf5U
@everwiner7,2,"상대 골키퍼가 띵한 놈... 기냥 뒀어면 노골 - 즉, 골 인정 못받음..",zSHPaX0Yf5U
@현성조-w3t,2,오~~~마이갓갓,zSHPaX0Yf5U
@hhhhdoejk8129,71,가볍게 차는데 진짜 멀리 날아가네 ㄷㄷ,lBFfqBj4GTM
@류승환-o7w,41,저러니 쏘니가 얼마나 케인이 그리울까..,lBFfqBj4GTM
@JAMES-x6q8e,15,축구 잘 하는 애들 젤 부러운 애들 중 하나임 !!!!!! 내 넘버원 버킷리스트 중 하나!,lBFfqBj4GTM
@티모베르너-v9u,6,진짜 발목 힘 장난아니다..,lBFfqBj4GTM
@hsloo8077,5,화면끊길때 편집들어간듯.. 찬공이 위로 솟구치네,lBFfqBj4GTM
@이정민-b9f5f,1,이거 조작영상입니다요,lBFfqBj4GTM
@youngs-o9v,1,중간에 케인을 오해해서 조금 싫어했었는데(패스만 강요)떠나기 마지막2~3년쯤 흥민이와 함께 했을때 위대한 선수라는걸 알게 되었지,lBFfqBj4GTM
@Honginjun,0,탈트넘 우승은 불문률,lBFfqBj4GTM
@마동탁-o2m,0,참 속이기 쉽다 쉬워,lBFfqBj4GTM
@김코코-x7o,0,무관탈출하는게 좀 아쉬움 무관의 왕같은느낌이었는데 오히려 상징성이 떨어짐,lBFfqBj4GTM
@kass000111,0,본인은 놀라지않는거봐.. 검나 매력있어,lBFfqBj4GTM
@LeeToraZ,0,영상에 공 찍힌거만 봐도 후작업 된 영상인게 보여요,lBFfqBj4GTM
@lexshue9066,0,들어가기 1초전에 아뇨 함 ㅋㅋㅋ,lBFfqBj4GTM
@mamamoo862,0,몇번.시도했을까..?,lBFfqBj4GTM
@cho2257,0,데스크 중 유일하게 폼 유지중인 케석대,lBFfqBj4GTM
@cleanbright,0,저짧은거리도 못맞추니 무관이짘ㅋㅋㅋㅋ,lBFfqBj4GTM
@김홍구-j8r,0,무관의제왕은 케인이아닌 흥민손이다,lBFfqBj4GTM
@홍태원-o7g,0,저런 실력들이 있으니 승부조작이 가능한거다,lBFfqBj4GTM
@더더-i8t,0,와~~ 신기하다,lBFfqBj4GTM
@februarysea7986,0,문득 예전에 베컴이 해안가 멀리 드럼통 세개에 골 넣은 영상이 생각나는군,lBFfqBj4GTM
@온리s_-I.9_.-금.._채널,1154,*야구 본 지 이제 몇 해인데 이런 상황도 있구나 하고 놀랍긴 하다? 🤔⚾*,zgKgLYN_KOE
@클릭_I9X_온팬_프리미엄,837,*예상치 못한 전개가 야구의 묘미를 잘 보여주네요!*,zgKgLYN_KOE
@호이호이호이-d6g,40,그래서 진짜 열심히 하는 선수 중에는 포수 뒤로 빠지는 공으로 볼넷나오면 1루까지 뛰면서 각보는 선수도 있음.,zgKgLYN_KOE
@joyfulsprint,35,"그니까 볼넷으로 인한 1루 진출은, 1루까지는 아웃을 못시키는 안타를 친것과 같다는 얘기인거죠?",zgKgLYN_KOE
@mmm-rc2hb,9,성빈아 알겠지 ?,zgKgLYN_KOE
@wotmdekd,7,롯팬:황성빈이 이런플레이 한번 보여줄거같다 ㅎㅎㅎ,zgKgLYN_KOE
@TV-to5lr,4,"쉽게 설명하면
주자만 자동 진루권이 주어져서 
2루에 주자가 있을 경우 볼넷 상황시 도루하는 경우가 있죠",zgKgLYN_KOE
@sayalee7826,3,볼넷이 인플레인지 첨 알았네,zgKgLYN_KOE
@donghankang-hc4ex,2,와 센스,zgKgLYN_KOE
@크크악,2,경기중에 방심하는게 바보지 ㅋㅋ,zgKgLYN_KOE
@KokotdakKoko,1,저게 되네 ㅋㅋㅋㅋㅋㅋㅋㅋ,zgKgLYN_KOE
@설임-l2n,1,개무시? ㅋ,zgKgLYN_KOE
@gyusa9827,1,이거 크보에선 심판이 너뭐해? 이러면서 1루로가 이럴거같은데,zgKgLYN_KOE
@Libero_89,1,바티스타네,zgKgLYN_KOE
@know-yourself285,1,우씨~!  이것들이 날 투명인간 취급해?,zgKgLYN_KOE
@hylee6857,1,"‘야구는 운동이 아니다 -호날두’
룰이 복잡하고 헛점이 많아,어처구니 없는 일이 많이 일어남.",zgKgLYN_KOE
@suholee6079,1,인플레이라고?그럼 볼넷으로 갈때 1루 던지면 아웃임?,zgKgLYN_KOE
@김광수-v9n,1,"2루까지 가도 되는군아~~
아~~통제로다 😂 ㅋ",zgKgLYN_KOE
@풍선-v7n,1,"저거 반칙 이님?
볼넷으로 나간뒤
이루 도루한 격이넹
ㅋ ㅋ ㅋ",zgKgLYN_KOE
@오늘-c9j,0,정범모 행동,zgKgLYN_KOE
@hanjiwoo,1352,수원에 계신 김상수라는분ㅋㅋㅋㅋㅋㅋㅋㅋㅋㅋㅋㅋㅋㅋㅋ 혈육이잖아ㅋㅋㅋㅋㅋㅋㅋ,es8zKfyvqnM
@1분야구,913,진짜 윤석민 개웃기네ㅋㅋㅋㅋㅋㅋ,es8zKfyvqnM
@이성진-r5u6b,444,추신수는 미국간다고 지명하지 말라고 했는데 기어이 롯데가 지명해서 추신수 거부하고 미국갔죠 사실상 이대호가 1번 맞음,es8zKfyvqnM
@user-ms1yv3fk3n,421,윤석민 예능감 지리네 롯팬이지만 방송에서 이대호보다 윤석민이 앞으로 훨더잘나갈듯,es8zKfyvqnM
@iuytresdfghj,199,억울해서 기억했다기보다는 자기 동기는 잘 알 수밖에 없지. 평생 잊을 수 없는 자기 드래프트이기도 하고,es8zKfyvqnM
@백1-v1r,194,우디는 자기 형 모르는 사람인마냥 얘기하네 ㅋㅋㅋㅋㅋ,es8zKfyvqnM
@jjwwyy80,104,요즘은 모르겟고 당시엔 이대호 윤석민 정도면 2차라도 이미 롯데 기아에서 뽑는걸로 보통 구단끼리 합의가 다 돼 잇죠.,es8zKfyvqnM
@놀러와_i9보러_e4l1,95,"추신수형이 미국가면 지명하지 말라고 했는데, 롯데가 왜 그러는 거야 ㅋㅋ 그래서 추신수형이 거부하고 미국으로 간 거지 사실 이대호형이 정말 1번 타자 맞음 ㄷㄷ",es8zKfyvqnM
@윤이솔방울,64,"한화팬입니다
한화는  시바
저런 개꿀픽중에
양훈골랐네ㅋㅋㅋㅋ",es8zKfyvqnM
@보라돌이-i6d,52,한화는 윤석민 정근우 거르고 양훈을 ㅋㅋㅋㅋㅋ,es8zKfyvqnM
@juik9569,36,오승환이 저기 있는거 보니 얼마나 관리를 잘했나 싶네 멋있게 은퇴했으면 좋겠다,es8zKfyvqnM
@코너맥그리거-y9s,27,양훈ㅋㅋㅋㅋㅋㅋㅋㅋㅋ,es8zKfyvqnM
@jamesstrange7819,24,아놔 한화 오승환 윤석민 정근우 거르고 양훈을 뽑았냐ㅋㅋㅋ,es8zKfyvqnM
@후하-x4q,21,윤석민 귀엽구나 ㅋㅋㅋㅋ,es8zKfyvqnM
@ko-cy6bd,6,한화빼곤 다 뽑을만한 선수들 뽑았네~,es8zKfyvqnM
@김재은-z7u,5,윤석민 류현진 선발이 가능했었네 아니면 류현진 선발 오승환 마무리. 이런 10발...,es8zKfyvqnM
@덜컹-n7e,4,한화는 윤석민 놔두고 양훈을 뽑았구나...,es8zKfyvqnM
@JimmyJim626,2,지역구 1차 1번은 단순히 팀이 가장 먼저 뽑앗다는걸 넘어서 성골의 증표다보니 이대호는 자격지심 진짜 심하긴 하지,es8zKfyvqnM
@darvishyu1874,2,조정훈은 뽑을만 했는데 오승환 윤석민 정근우 ㅎㄷㄷ하다,es8zKfyvqnM
@모키모키,2,저때 선수들이 국대 핵심  황금라인들임.,es8zKfyvqnM
@도르띠아,923,자기도 기분좋고 저누나도 기분좋고 보는사람도 재밌고 그냥 미쳤다,YfVT4e10roA
@프사끌릭ON니펜스PREMIUM,863,*자기도 즐겁고 저누나도 즐겁고 보는이도 즐겁네 이건 대박입니다*,YfVT4e10roA
@뮤탈,619,"""기분 좋았잖아, 한잔해""",YfVT4e10roA
@jykkk-l5z,191,표정관리까지 완벽 그 자체😮,YfVT4e10roA
@Booggomee,191,"1. 회차:평범한 인생
2. 회차:마술사
3. 회차: 마술 써먹기",YfVT4e10roA
@난권력에빌붙는판사,128,아니에여 이미 하나 잡았고 두번째 공을 준겁니다 원본영상 해설가 말하는거 보시면 알 수 있어요,YfVT4e10roA
@인생-y2w,98,이걸 두마리 토끼 다 잡네;;  쟤랑 싸우면 질듯;;,YfVT4e10roA
@drpressed69,20,누나 8년만 기다려줘,YfVT4e10roA
@아빠쿵야,18,대단한 넘... 멋진 트릭으로 누나에게 점수 따고 실속까지 챙기고.... 부럽다.. 너의 사기성이....,YfVT4e10roA
@송우진-k5p,16,크게 될 놈이구만 ㅋ,YfVT4e10roA
@brightpencil-goldletter,11,애들도 아기들도 이쁜사람이 누구인지 안다.,YfVT4e10roA
@hyunlee4735,4,잡은척까지 하고 주네 ㅋㅋㅋㅋ,YfVT4e10roA
@남종희-c9j,4,연상킬러....ㅋㅋㅋ,YfVT4e10roA
@최장훈-b6c,4,이 새뀌 플러팅..배울만하다...,YfVT4e10roA
@모구모구,4,제갈공명의 dna,YfVT4e10roA
@바라기-b3b,3,벌써 밑장빼기 마스터했네,YfVT4e10roA
@최고운-n9s,2,살아보니 참 멋진 사람이 있더라,YfVT4e10roA
@케인리,2,과유불급을 아는 아이 인가~ ㅎ,YfVT4e10roA
@진짜배기의삶,1,"길바닥이랑 파울이랑 먼차이여
야구공 오타쿠들 사이에너 파울공 흥분해서
더 가치가 높은건가?",YfVT4e10roA
@심프로,1,"마술사로 성공하거나
사기로 크게 성공 할 아이ㅋㅋ",YfVT4e10roA
@앙영석-g9z,2,"헌트형도한방있지,,,,ㅋ",ikgVBNQdbd8
@dkk2228,1,마크헌터가 버르장머리를 고쳐놨구나~잘했어^^,ikgVBNQdbd8
@제은김-k6o,1,Ko😢,ikgVBNQdbd8
@수괴윤석열,1,뭐야 맨발이네,ikgVBNQdbd8
@남형-h2n,1,교만은패망의선봉이다거만한자는넘짐의앞잡이다❤,ikgVBNQdbd8
@cdgeusa,1,그당시 효도르도 인정했던 유일한 파이터 헌터형에 대해서 제대로 모르던 시절 21년 전 영상이네..,ikgVBNQdbd8
@천지수-z4t,1,"제롬느벤너.
무왕의 제왕.
경기가 화끈하고 재밌었지.
유리턱이어서 맷집이 없어 지는 경기가 종종있었지.",ikgVBNQdbd8
@자유정의-w2d,1,"영원한 강쟈,절대 강자는 존재하지 않는다..",ikgVBNQdbd8
@노을길,0,저런 놈 너무 일찍 말렸어! 좀 더 냅 뒀어야지!!!,ikgVBNQdbd8
@jiinmikim1647,0,"경기끝났는데, 비열하고 비겁하다. 선수가 아니다.",ikgVBNQdbd8
@최건-x2h,0,마크헌터 실력매너 세계인정 선수죠😅,ikgVBNQdbd8
@jxwayinvest,0,거만떨면 나락으로 간다!,ikgVBNQdbd8
@로쉴드-g9u,0,"마크헌트는 크로캅 발차기도 버텼던 사람이다
역으로 턱돌려버렸네",ikgVBNQdbd8
@박드롱-d2o,0,턱이 약해😅,ikgVBNQdbd8
@아카시아-b2i,0,"거구의 밴너, 무에타이 70키로급 선수한테 판정으로 이기긴했지만 혼줄 난적도 있음.",ikgVBNQdbd8
@atlantis1321,0,"마크 헌트 대 레이 세포가 기가 막혔지,,^^",ikgVBNQdbd8
@돼지코-g2b,0,진정한 상남자 헌터,ikgVBNQdbd8
@희열박-y3o,0,격투기 좋아하진  않지만 헌터는 좋아함. 좀더 인간적인거 같아서..,ikgVBNQdbd8
@widezone8614,0,"마크헌트, 레이세포... 낭만 주먹~",ikgVBNQdbd8
@Hope-t4u,0,"격투종목에 절대강자는 없다.
늘 맞수는 있기마련.
자만한 자는 약자가 된다.",ikgVBNQdbd8
@호돌고,97,손흥민의 인생 자체가 전설이지요!,walbsOgceuw
@피모하는도지,8,당신은 전설입니다!!,walbsOgceuw
@user-nc2zb5uk5b,7,계속 듣게돠네..노래가 너무 내 취향이야,walbsOgceuw
@cottand,6,굳이 눌러담지 않아도 ‘무관’으로 정리 가능 ㅋㅋㅋㅋㅋㅋㅋㅋㅋㅋ,walbsOgceuw
@킴콤-e5t,5,"너무 좋은데요..
흥민선수도 이거 꼭 듣고
반응했음 좋겠네요ㅎ",walbsOgceuw
@been-q6q,4,와 이런 멋진 개인기록도 많은데 당연히 트로피도 많겠지?,walbsOgceuw
@MUDRYK-h2r7e,3,10시 발목 돌리기,walbsOgceuw
@박은미-s5o,3,"아니 요약이 너무 좋아요 유요님이랑 너무 비슷해요












요약최고!",walbsOgceuw
@STAY0922-ml,3,SON 최고!!!!❤❤❤,walbsOgceuw
@나이쓰쏘니,2,우왕 노래가 좋네요~~~😮😮😮,walbsOgceuw
@그린-p1l,2,24시간 무관...,walbsOgceuw
@우디-m7u,2,안녕하세요 저녁 8시입니다. 밥먹어야지,walbsOgceuw
@KokotdakKoko,2,근데 우승이 없네 ㅅㅂ,walbsOgceuw
@승우-t8k,2,노래 존나 오글거리네,walbsOgceuw
@lastkpu,2,왤캐 열받지,walbsOgceuw
@가관즈-꽁냥즈,2,이런 영상도 은근 재밌다ㅋㅋ,walbsOgceuw
@Showmethejammin,2,Ai로 만든 사진에 Ai로 만든 노래에 자막을 입힌 영상...... 무섭다 진ㅋ짜 근데 잘만들엇네,walbsOgceuw
@김주영-m2c,2,흥민이 형님 이 숏츠 꼭 보셨으면 ㅜㅜ ..,walbsOgceuw
@gun8577,1,노래 미친 개좋네 제발 제대로된 가사로 풀버전  만들어주시면 좋겠다ㅜ,walbsOgceuw
@Akko23-r9w,1,아시안게임 일본결승때 흥민이형 군대 걸려있어서 애국뱃씨게했죠.. 달달했어요 형 ❤️,walbsOgceuw
@you-no1-z6g,446,저게 나중에 가격 뻥튀기 하려는 서로간에 수작임,R820CR425c0
@MagdaleneDito,175,"호날두 팬: ""호날두 패배했어... ㅠㅠ 메시 올라가면 경쟁하는 척하다가 포기하는 척했다니 ㄷㄷ""",R820CR425c0
@쉽게-q4r,88,판매자와 호날두간의 커넥션을 조사해봐야한다ㅋㅋㅋ,R820CR425c0
@일상의향기,69,이건 사건반장에서 가려야한다.,R820CR425c0
@jun1866,20,이런거 보면 덕배는 물욕 같은거 없고 가족들에게 음식 해주는게 취미라던데...... 덕배 너란 사람......,R820CR425c0
@naeun0._.08,18,"호날두 재산은 현재 부모 돈 (캄파냐, 볼키아 등) 제외 하면 축구 선수중 돈 젤 많음",R820CR425c0
@LDBM-DB,16,천사지만 기강잡을땐 무서운 찬석이,R820CR425c0
@다하니-n2t,5,본인의 드림카를 위해 400억을 태울수있는 저 재력이 부럽다...,R820CR425c0
@끝까지견뎌,4,"똥차 439만원에 줘도 안가진다. 차 값은 최고 4천만원이면 충분하다. 그랜다이저사바리 노옵션하나, 그림같은 7억짜리 집 하나에 빚 없으면 부자다.",R820CR425c0
@jinsolkim-i3b,4,네이마르도 그렇고 히샬리숑도 그렇고 브라질 애들이 리액션이 맛있는거같음 ㅋㅋ,R820CR425c0
@jonathankim1496,4,메시는 다 가졌네 ㅋㅋㅋㅋㅋㅋㅋㅋㅋㅋㅋ,R820CR425c0
@TrunksDior,3,역시 킹메시.😊,R820CR425c0
@병선윤-u8t,3,저 차의 가치는 전세계 4대 뿐이라는 게  정석 수집가한테는 저 만큼 소장 가치 있는 게 없을 듯,R820CR425c0
@태풍의눈-z9y,3,호날두의 라이벌은 게르트뮐러입니다만,R820CR425c0
@김자손-j6b,2,이거 실화 맞냐,R820CR425c0
@user-boros,2,돈 많아도 차량에 저리 태우긴 싫었나보네,R820CR425c0
@김덕배-p1x,2,호날두가 이겼네 ㅋㅋㅋㅋㅋㅋㅋㅋㅋㅋㅋ 호날두가 축구외에도 돈을얼마나 버는데 500억이 예산초과였겠냐 ㅋㅋㅋㅋ가격만존나올려준거지,R820CR425c0
@user-gg3ep6re4d,2,주급 34억 77ㅓ억,R820CR425c0
@anastasia69746,2,찐 공격수네;;,R820CR425c0
@Kyary_Pamyu_Pamyu,2,그냥 호날두는 메시가 더 높은 금액에 사게끔  만들려고 경매에 참가한거임ㅋ,R820CR425c0
@관희한-j5w,2,연아 대단하다 최고다 화이팅 ❤,sxtmnLpqRzI
@김제식-s7k,1,"빙상연맹 총재를 김연아님 으로
지정해야겠네요",sxtmnLpqRzI
@민민-u3d,1,사람은 배신해도 돈은 배신안해,sxtmnLpqRzI
@순-w9z,1,"빙상연맹, 양아치 연맹인가?
참 안타깝습니다!
선수들을 응원합니다.
김연아 화이팅! 🎉🎉🎉",sxtmnLpqRzI
@김석훈-m4x,1,"배드민턴협회도 그렇고, 한국스포츠 각종협회는 도대체 선수 갈취하고.. 성폭행하고..  감독,코치놈들은 기둥서방이냐?국가는 이런놈들에게 월급 지급하는 자쳬가 잘못이다.",sxtmnLpqRzI
@user-uj3ot7oz8p,1,김연아 만큼만 해라,sxtmnLpqRzI
@금골드-w6v,1,"미국 오서코치  에게  마구마구 ~지금은 차준환을
정상으로  올려놓은 분인데~~~",sxtmnLpqRzI
@speakergod8839,1,아예 연맹을 멕여 살렸구먼~,sxtmnLpqRzI
@LeeDC83,0,우리나라 스포츠 종목 연맹들은 정화작업 필요한거 아닌가? 수사하면 엄청나게 나올것 같은데...,sxtmnLpqRzI
@진-u2e,0,조폭이네 삥뜯기,sxtmnLpqRzI
@SungKim-y3r,0,늙으면 빙상연맹 총재 또는 문체부 장관 하지 않겠냐?,sxtmnLpqRzI
@멋진인생-h2s,0,김연아 세상에 함께한 복 많은 ~~나~~^^,sxtmnLpqRzI
@spearlkkim3687,0,"김연아가 돈연아 인 것은, 연아가 돈을 탐낸 것이 아니라, 주변사람들이 연아를 이용해 어마어마한 돈을 벌었기 때문이다.  어린 연아는 그저 자신의 목표, 최고의 선수가 되기위해 최선을 다해 노력했고 그것을 이룬 대단한 사람이다.",sxtmnLpqRzI
@달퐁이-s5h,0,광고라도 많이 찍으면  자주 볼 수 있어서 좋다.,sxtmnLpqRzI
@물미역-n2c,0,레전드는 레전드네.,sxtmnLpqRzI
@맛잘알-g4k,0,상금30%  갖고가는거 개빡치네,sxtmnLpqRzI
@최배달-x2j,0,"상금30%가져가는 빙상연맹

해체하라",sxtmnLpqRzI
@최배달-x2j,0,빙상연맹을 해체하라,sxtmnLpqRzI
@BerryCatGallery,0,연맹 반성하세요,sxtmnLpqRzI
@BerryCatGallery,0,멋진 일을 하고 있었군요 ❤❤❤❤❤,sxtmnLpqRzI
@온s팬_s-1-9--금채._널,866,*김원중 공 솔직하게 던지다가 맞기나 하고 진짜 뒤진다 진짜 ㅋㅋ🤣*,n-5CAb7_yFw
@이지은-q2j,2,원중이 루틴 공던지기전 다리겁나 떠는거 밖에 생각 안남/ 그리고 안타 홈런 겁나 쳐맞고 ㅋ/ 얼굴빠개져서 마운드 내려가는거!,n-5CAb7_yFw
@Dr.anjm0,2,오바 제조기,n-5CAb7_yFw
@mulchongssajyo,1,트리플A도 못가는 실력에 감탄사 연발,n-5CAb7_yFw
@emmajin401,1,오우 커브 좋당 ㅎ,n-5CAb7_yFw
@전지현-h4z,1,제구부터 연습좀해라,n-5CAb7_yFw
@ColorWhite-t6h,1,밋밋하네,n-5CAb7_yFw
@프티-d8m,1,이게 우와할정도면 유튜브접어라 그냥..;,n-5CAb7_yFw
@matthewgwon4388,1,너무 호들갑떠네 대충봐도 메쟈급은 아니잖냐,n-5CAb7_yFw
@messi3509,1,마지막 바깥쪽아닌데 ㅋㅋ제구 ㅋㅋ,n-5CAb7_yFw
@오야-x8x,1,흠...,n-5CAb7_yFw
@위험한쟈니,0,경기때도 똑 같이해주세요 원중언니,n-5CAb7_yFw
@wittyhwang,0,김원중 정면승부 멋짐!,n-5CAb7_yFw
@공포의쓴맛-c1u,0,저래봐도 걍 더럽게 빠른데 채프먼170km면 진짜 얼마나 빠를까?,n-5CAb7_yFw
@고레츠카-n6t,0,공이 밋밋한데 다치겠는데 ㅋ,n-5CAb7_yFw
@성재양-o1v,0,근데왜시합때는 저게안나오죠?,n-5CAb7_yFw
@esprit7771,0,이렇게봐선 잘 모르겟다. 걍 중계화면이랑 비슷한데,n-5CAb7_yFw
@user-fq9qh3pi5w,0,디캡~,n-5CAb7_yFw
@otherworldRestaurant,0,메저애들은 다른 종족인가,n-5CAb7_yFw
@이성호-t3q,0,다 칠 수가 있다.,n-5CAb7_yFw
@프사꾹_여돌S양_I_9_X_NEW,1516,*얼마나 좋습니까 누구도 불만 없이 웃으며 지나가게 되잖아요 역시 완벽한 움직임입니다*,4_-mNWhycwc
@AlexsomesKhanbd,440,역대급 삼진 ㅋㅋ  ㅋㅋㅋㅋ,4_-mNWhycwc
@꾤리는거_냬챼녈_IJ5N3q,47,반대투구로 무릎 쪽 꽉 찬 삼진을 던지는 능력 ㅋㅋㅋㄱㄱㄱㄱㄱㄱㄱㄱㄱㄱㄱㄱㄱㄱ,4_-mNWhycwc
@김준형-n7q,4,ABS 좋다 아무도 억울하지 않고 얼마나 좋아,4_-mNWhycwc
@niceqntaastuio-le6ou,3,딱 걸치긴했네 ㄷㄷ 정확하네,4_-mNWhycwc
@whentheygolow_wegohigh7306,2,ABS는 최고야,4_-mNWhycwc
@whitepang777,2,볼 하나로 두명 쓰러뜨리는 투수 ㅎㄷㄷ,4_-mNWhycwc
@dowk6513,1,이게뭐가논란인데?? 아래쪽 구석에 꽂혔는데,4_-mNWhycwc
@gyusa9827,1,나이거 생방으로봄 ㅋㅋ,4_-mNWhycwc
@niceqntaastuio-le6ou,1,정확해서 따지지도 못해 ㅋ,4_-mNWhycwc
@mslee6291,1,"개웃기네 ㅋㅋ
이런맛에 야구보는구나",4_-mNWhycwc
@Ill-llIllIII,1,진짜 꽉찬 스트라이크네,4_-mNWhycwc
@glory1106,0,포수가 빌런이네 ㅋㅋㅋ 앉아서 받았으면 누가봐도 스트라잌인데 ㅋㅋㅋ,4_-mNWhycwc
@jdy4558,0,아군부터 속여라,4_-mNWhycwc
@skyblood99,0,적을 속이기 위해 아군의 파이어볼을 노렸다,4_-mNWhycwc
@아낌없이줍는나무,0,나 옛날부터 저렇게 투수가 의도하지 않은 방향으로 와서 포수가 간신히 잡은 볼중에 스트라잌인데 안잡아 주는거에 불만있었거든. 근데 ABS는 하더라구. 어릴적 불만이 해결돼서 참좋다 ㅎㅎ,4_-mNWhycwc
@ssanchokim,0,ㅋㅋㅋ그래도 abs때문에 불만 반이상은 사라짐 ㅋㅋㅋㅋㅋㅋ,4_-mNWhycwc
@벨스퍼,0,바꾸어 생각해보면 지금까지 스트라이크 처리 안되고 볼로 처리된게 엄청나게 많다는거,4_-mNWhycwc
@묻지마라,0,투수 제구 으이구,4_-mNWhycwc
@딘-w8s,0,코스좋노 ㅋㅋㅋ,4_-mNWhycwc
@ruvidvelle,77,우리나라에 세영선수가 있다는게 참 자랑스럽다😊😊😊,IOpLF-s0jiM
@programs-r5c,28,안세영 선수님 늘 응원하고 응원합니다,IOpLF-s0jiM
@강성연-s2o,2,실력도 인성도  최고다,IOpLF-s0jiM
@올리브-r7p,2,안세영👍👍👍,IOpLF-s0jiM
@깨-i1n,2,아니까...ㅠㅠ,IOpLF-s0jiM
@tohank,2,땀인듯,IOpLF-s0jiM
@Damon-nt8ms,2,죄송한데 땀 닦는건데요...,IOpLF-s0jiM
@남김종인-s8o,2,"너는 누구냐
안세영을 두둔하는게..",IOpLF-s0jiM
@man-pe45,2,허리 다쳤나보다 엄청 힘들어하네 ㅠㅠ,IOpLF-s0jiM
@후덜덜-e3d,1,인도네시아에서 경기있을때 저 선수가 밥도 사주고 안세영님을 그렇게 챙겼다는데~두 분이 친하셨으니 얼마나 마음이 아팠을까요 😢,IOpLF-s0jiM
@땅꼬-t6c,1,멋 있 다 !!!,IOpLF-s0jiM
@user-gx66ghj55,1,"둘이
친하대 툰중이 안세영 인니가면 밥도 사준대",IOpLF-s0jiM
@모누누눈g9c,1,역시 퀸은 달라,IOpLF-s0jiM
@user-ty6se7gn8n,1,"자신도 그런 고통을 이기며 여기까지 왔기에 환희에 차
세레머니에 몰두하는 선수도 있는데..
실력, 인성 그 어떤 것에서도 모자람이 없는 자랑스런
선수 입니다.",IOpLF-s0jiM
@장은혜-p6z,1,이런 선수를 보호해주세여 우리나라에 이렇게  훌륭한 인재의 선수를 지켜주길❤,IOpLF-s0jiM
@parankim4920,1,왜냐면 안세영도 그만큼 아프거든....ㅠㅠ,IOpLF-s0jiM
@user-Brethart13,1,"좁은 땅에 진짜 재능들이 넘쳐난다 자랑스러워😊😊
스포츠정신까지 ㄷㄷ",IOpLF-s0jiM
@케시움마케힘,1,"공감이지 
자기도 개고생 많이 했으니...
발에도 안맞는거  신고 말이야",IOpLF-s0jiM
@lcomet4526,1,맘아파 ㅜ,IOpLF-s0jiM
@evelynpark5256,1,왜 우라나라 남자들은 아마를 보이지않고  각자의 개성없이 앞머리를 내리는게 너무 이상하다,IOpLF-s0jiM
@노현우-b5n,210,둘 다 타격폼 개지리네,oxmZyCbV6B0
@이상희-h6k,159,근데 집이 얼마나 크면 저기서 소프트볼 경기를 하면서 빠던을 하는데 뭐 깨지는 소리가 한번도 안나냐,oxmZyCbV6B0
@neokim-tv2os,75,닮았다 이래서 부부 천생연분,oxmZyCbV6B0
@몰라아-d8d,51,아내가 울부짖었다ㅋㅋㅋ😅,oxmZyCbV6B0
@groundcontroltomajortom2471,14,밤에는 두 마리의 짐승들이겠네😂😂😂,oxmZyCbV6B0
@jeonghoonlee9195,14,야&야 커플이네 ㅋㅋㅋㅋㅋㅋ,oxmZyCbV6B0
@J22-k3z,11,허 부인이라니 ㅋㅋㅋ,oxmZyCbV6B0
@탐구생활-k5g,7,이정도면 베드 클리어링 해야지.,oxmZyCbV6B0
@kkanghwi,7,출루 할때 남편의 표정을 보았다..,oxmZyCbV6B0
@달보드레-j3i,3,둘이 침대에서 마구잡이로 ..크흠,oxmZyCbV6B0
@하얍올인,3,다음은 내 방망이 맛을 보여주지,oxmZyCbV6B0
@leadersiwon6157,2,크아앙! 이것이나다 ㅋ,oxmZyCbV6B0
@user-moderately,0,소프트볼 선수인 것이 아니고요?,oxmZyCbV6B0
@손민기-c4o,0,uh?ㅋㅋㅋㅋㅋㅋㅋ,oxmZyCbV6B0
@마성전설,0,궁디좋다❤,oxmZyCbV6B0
@lattecream3104,0,공수 교대로 9회 할라면.. ㅗㅜㅑ..,oxmZyCbV6B0
@danielc5436,0,저문이 차 가라지 문이면 저 집은 진짜 대궐만하거나 아님 어디 시설 같은 곳임 ㅋㅋㅋ,oxmZyCbV6B0
@신은,0,마눌왈:그래서 어?,oxmZyCbV6B0
@On1024On,0,어???!!!,oxmZyCbV6B0
@뭐지금이대로가조아,0,"어리석은놈 !   아내를이길려고?
나이먹고  밥 못먹는다.ㅋㅋ",oxmZyCbV6B0
@ReadytoABM2drip,140,"거인들도 관절 내구도는 보통 사람이랑 비슷한데, 무게가 많이 나가니 빨리 소모됨
모르는 사람들도 있는 듯 해서😂",vwbgIzKKPw0
@wiiiiifffy,138,"3m높이에 골대가 메달려있는 순간부터
농구는 큰놈이 이기는 스포츠임",vwbgIzKKPw0
@I9얏둉저장소0iI9,52,농구는 재능도 중요하지만 역시 키가 최고야ㅋㅋ 그래서 나는 키 크면 농구 선수 될 거야!,vwbgIzKKPw0
@iamalwaystenstepsahead,24,골밑슛 수행평가 A+,vwbgIzKKPw0
@릴라드-q2k,15,그냥 야오밍이 개사기였음..,vwbgIzKKPw0
@wheeheu,14,결국 NBA레벨까지 가려면 스킬이 중요한듯 지금 ㅈㄴ 잘하는 웸비도 무브나 슈팅능력이 되서 사기캐인 거니까. 큰 키가 드래프트때는 유리하겠지만 스킬이 없으면 롤플레이어에서 벗어나기는 어려움,vwbgIzKKPw0
@ssul-company,6,뭐야.. 농구는 신장이 아니라 심장으로 하는 거라매..,vwbgIzKKPw0
@니면상빵야-m3k,3,관절이 약한게 아니고 관절이 못버티는거지,vwbgIzKKPw0
@Fpdkfakemflemsms,3,"존잘 근육질몸 병X 비율씹사기 
...?",vwbgIzKKPw0
@윤성진-h3s,2,nba 지명받고 연봉 많이받으면서 트레이닝 받으면 관절도 지키고 선수생활도 계속 할듯,vwbgIzKKPw0
@goodlucky-lk6cm,2,그냥 177센치로 태어난걸 감사하다,vwbgIzKKPw0
@에이든-k8k,2,저 사람에게는 그 키가 재능이자 기회이겠지만 보는 입장에선 먼 재미로 농구보나.. 괜히 마이클 조던에 열광했던게 아님.. 씨름도 이만기가 원탑 시절일때 인기 있었고 살과 체중으로 씨름 하는 사람들이 늘어나면서 팍 식었지.,vwbgIzKKPw0
@독고탁-v9k,1,다리 무릎만 타격하면 이기것네,vwbgIzKKPw0
@calmdown3259,1,보통 거인들이 잘생겼다 느낌받기힘든데 재는 키가 과하게 큰데도 존잘이내,vwbgIzKKPw0
@boribori2001,1,저정도면 병아니냐,vwbgIzKKPw0
@촉촉한물방울,1,키도 키인데 팔 길이도 엄청나네,vwbgIzKKPw0
@DDAEGGULLOOK,1,"ㅋㅋㅋ조만간 저거 문제삼으면 ""찢""겨서 ""드럼통""에 담기는 시대가 도래할 예정^^",vwbgIzKKPw0
@0easy394,1,190 넘으면 농구 못하게 해야함.,vwbgIzKKPw0
@형이야-z8n,1,피지컬 좋다,vwbgIzKKPw0
@Whrhxnshrh,1,샤킬오닐이 대단하긴 하다 키가 213센치인데 몸도 큰데 기동성도 좋고,vwbgIzKKPw0
@DMR-x6b,308,선수들이 오히려 더 공정한 심판을 해버리네...,jaGb3MRa3v0
@이재근-v1y,228,이런 심판진이면 비리부터 의심하게되,jaGb3MRa3v0
@seungsoolee7654,102,"심판은 무조건 ai로 봐야함. 지들 꼴리는대로 하고, 지들 선수 밀어주고, 끌어주고, 기분대로 하고 미친것들이 너무 많아",jaGb3MRa3v0
@이주헌-v6w,65,심판은 처벌을 받던지 자격을 박탈했던지 해야.,jaGb3MRa3v0
@놀러와_l9보러_T6V5,47,빨리 끝나서 출연료 챙길 생각밖에 없겠지? ㅋㅋ,jaGb3MRa3v0
@병태도-k5p,23,완벽하게 살면 손해보고 산다   나가 느껴 보서 알고있음,jaGb3MRa3v0
@김동섭-q8x,20,이런 행동이 진정한 스포즈 정신임....,jaGb3MRa3v0
@like1923,15,"김연아가 러시아에서 당햇던일을 생각들 해봐야돼...
정작 한국을 제일 괴롭히는 나라는 북중러..",jaGb3MRa3v0
@jeong1977,14,"끈 보였다고 감점시킬거면
왜 하체가 아슬아슬한 선수복은 왜 입힐까?
그냥 바지를 입혀
그게 제일 불편하니까!!!",jaGb3MRa3v0
@Jorjia425,9,살면서 후회할걸? 그냥 흘러가는대로 하고 메달따서 내 인생이나 살걸,jaGb3MRa3v0
@szwax21,8,같은 팀원이 아니고 경쟁선수였다고함,jaGb3MRa3v0
@챔피언스-Champions,6,아직 세상은 살만하다,jaGb3MRa3v0
@十字星-m6z,4,작금의 헌재를 보는 것 같은데 제재할 의인들이 씨가 말랐네..,jaGb3MRa3v0
@강명석-k7i,4,빨리 퇴근 하고 출연료 받을 생각 뿐이겠죠?,jaGb3MRa3v0
@TV-to5lr,3,올림픽에서 한국 선수들이 피해 많이 봤죠.,jaGb3MRa3v0
@권혁-r8b,2,"우리나라 헌재나 법원에도
이럴 수 있었으면~",jaGb3MRa3v0
@이세곤seagonLee,2,너의 판단은  틀렸어! 이거죠! 잘한다~ㅎㅎ,jaGb3MRa3v0
@큐리시아,1,됐고 개이쁘다,jaGb3MRa3v0
@프시끌릭_I_9X_ONFAN_LEGEND,1,*선수들이 오히려 더욱 신뢰할 수 있는 심판 역할을 하시네요...*,jaGb3MRa3v0
@수부타이-t1k,1,항상 심판이 문제다,jaGb3MRa3v0
@신은,503,찐장인은 도구 상관없구나,ccy3Km6kHO4
@koasaezle,147,네. 정말 대다나네요.,ccy3Km6kHO4
@Upoulmoo,68,보드로 저렇게 하는 것도 선수가 있네..,ccy3Km6kHO4
@세구라이드,43,보드 개작아 보이는데ㄷㄷ 쩐다,ccy3Km6kHO4
@l9많다_냬챼녈에_s28RqY,14,와~ ㄷㄷ 대단하다~!,ccy3Km6kHO4
@GIYEONGYOON,11,좋아요작 얼마임 ?,ccy3Km6kHO4
@최민호-n5r,8,저 다른선수 보드도 부쉈으면 ㅋㅋㅋㅋㅋ,ccy3Km6kHO4
@정호-z3y,7,베리얼 힐플립 와 감탄밖에,ccy3Km6kHO4
@CHILL_GUY칠가이,3,좋아요 봇 수준 ㅉㅉ,ccy3Km6kHO4
@joshuabhoul2016,2,도전 안외쳐서 무효,ccy3Km6kHO4
@민하윤-o3z,1,정말 잘 퍼오네요,ccy3Km6kHO4
@aaae3iror,1,이딴것도 대회가있나,ccy3Km6kHO4
@임건우-ghimdm,1,좋아요 봇,ccy3Km6kHO4
@명호최-b3o,1,막판에는 그냥 중심 잘못잡아서 넘어지려고 하는거 아님?,ccy3Km6kHO4
@edinahn9165,1,표절은 나쁜거죠,ccy3Km6kHO4
@성이롬,0,ㅈ도 아닌걸로 오바싸네,ccy3Km6kHO4
@movieworld767,0,이 선수는 우승이 있나요?,ccy3Km6kHO4
@MK-zp7mu,0,양산형,ccy3Km6kHO4
@sSam_ii221,0,🐕 💕 🐶 ⏪️ 🐩 ⏩️ 🐕 💕 🐶 ⏪️ 🎉,ccy3Km6kHO4
@고만해라자슥아,0,아니 이영상 하나로 얼마나 많은 양산형이 쓰는건데,ccy3Km6kHO4
@tlqkfsgasus,950,덕배 진짜 크게화났누,Tsuv88jHD0E
@조12121,500,와 덕배 존나 빡쳤나보네 벽을 툭칠정도면,Tsuv88jHD0E
@GoingTurtle,132,때릴려 했는데 콘크리트벽... 분노를 조절해주죠,Tsuv88jHD0E
@rlaehgus0524,89,덕배가 제일 무섭다,Tsuv88jHD0E
@l9야듕S7저장소Su3,67,덕배 진짜 무섭다...ㄷㄷ,Tsuv88jHD0E
@보봉-y1n,63,사실 미친 승부욕으로 저 자리까지 올라온 선수들이라. 컨트롤 불가능에 가까울듯.,Tsuv88jHD0E
@기록록,56,"저런 선수가 감정 콘트롤만 잘 해주면 정말 훌륭한 선수죠.
저런 승부욕 때문에 정말 열심히 해요",Tsuv88jHD0E
@조무래김-m1r,16,죄 없는 카메라는 왜 부수냐 니꺼냐? 돈 많냐? 많구나..,Tsuv88jHD0E
@lion-b8u,14,??:아이…..징짜…아 바람이라고오! 쾅 닫은거 아니라고!,Tsuv88jHD0E
@denimman,13,나도 저럴때 있는데 자기자신한테 실망했을때 분노가 치밀어 오름,Tsuv88jHD0E
@pada1,12,마지막에 덕배 나올줄 알았음ㅋㅋㅋㅋ,Tsuv88jHD0E
@ODJ옥자,9,덕배 풀야마노 ㅋㅋㅋ,Tsuv88jHD0E
@안목s,8,"축알못:덕배 넘 귀여운데?
축잘알:덕배 ㄹㅇ 빡쳤네..ㄷㄷ",Tsuv88jHD0E
@맞는말하는사람-e9u,7,저 영상 댓글에 덕배가 다시 벽에 가서 사과했을거라는데,Tsuv88jHD0E
@doe1030,7,덕배같은 얘들이 화나면 진짜무서움,Tsuv88jHD0E
@디발라-e1z,6,프로 선수들의 심정은 우리가 알 수 없음 함부로 말할 수 없음 방구석 축구 평론가들 쉿.,Tsuv88jHD0E
@kivizi,6,김덕배 ㅋㅋㅋㅋ 은근 소심하네 ㅋㅋ,Tsuv88jHD0E
@엄-w5l,5,분노 조절 잘하누 ㄷㄷ 저러니 월클이지,Tsuv88jHD0E
@yoyangwonbadook1ZZang,5,덕배 개무섭다,Tsuv88jHD0E
@루빙-c9p,5,"덕배:으아!!!!!화난다!!!!(쾅)
벽:쟤 뭐노~귀엽노~",Tsuv88jHD0E
@두근두근_I9X_뉴에디션,968,"*반응 속도는 느리지만 웃음은 만렙, 진짜 귀여운 순간!*",P-SHrE2Tcms
@user-zx8od9yq4t,11,"야구선수중에 제일 잘생긴거같음
모자도 잘어울리고",P-SHrE2Tcms
@유틸유저,6,원태인💙,P-SHrE2Tcms
@dewykim6867,2,아 귀여워 ㅎㅎㅎ,P-SHrE2Tcms
@훈나미,2,원태인 잘 생겼다,P-SHrE2Tcms
@naru2859,1,선수가 저렇게 해도 되나여? 바로 포기해버리네 야구는 축구만큼 열정이 없는듯,P-SHrE2Tcms
@RONALDO_SIUUUUUUUUUUUUUUUUUUUU,1,ㅈㄴ귀엽네ㅋㅋㅋㅋㅋ,P-SHrE2Tcms
@aqws-ln1pf,1,"얼마나 기분좋았을까ㅋㅋㅋ
홈이였으면 백퍼 넘어갔네ㅋㅋㅋ",P-SHrE2Tcms
@user-lo2eg2pq8i,1,조회수300만 와,P-SHrE2Tcms
@중용-b2t,1,벌써 건방 떨고 있네.,P-SHrE2Tcms
@Rider_supa,1,삼성구장에서 일년경기반틈을 뛰면서 한국1등우완에이스...,P-SHrE2Tcms
@좀컨-v6v,1,으휴 저런거도 야구선수라고,P-SHrE2Tcms
@Rich-t9v,1,아 이걸로 스윕 놓침~  근데 원태인 사람 되게 좋아보임.,P-SHrE2Tcms
@조는독수리,1,"저런 무책임한 투수는 첨 보네!
맞는 순간 홈런이구나 했겠지만
그래도 최선을 다해야지...",P-SHrE2Tcms
@나빈-e9y,1,잠실 쓰는 4점대 곽빈을 원테인한테 비비는 게 코미디 ㅋㅋ,P-SHrE2Tcms
@박수-g3k,1,전마 빤지 뭐고? 이 표정?!😅,P-SHrE2Tcms
@detonation2592,1,기본좀 지켜라.게비오 겉멋들만 처들어서,P-SHrE2Tcms
@포홀-k7i,0,주제파악하고 끝까지 집주만하는데 돈받는 스포츠,P-SHrE2Tcms
@고무줄놀이-f1u,0,끝까지 확인하고 최선을 다 해라. 아웃되더라도 1루까지 끝까지 전력을 다 하는 것처럼,P-SHrE2Tcms
@재훈김-w6s,0,바지 잡수셨어요,P-SHrE2Tcms
@I9X_티슐랭_오리진_NEW,843,*KBL에서도 성공률보다 정확한 슛 터치를 키워야 할 때입니다.*,CbtqekQMouQ
@hoho-bl1pc,3,걍 감각의 차이지... nba 선수들은 클린 넣을만큼 감각이 훨씬 압도적인거고 kbl은 클린 넣기엔 감각이 한참 떨어지니 백보드라도 활용해서 어떻게라도 넣는거고..,CbtqekQMouQ
@Kingbroni-i8l,2,마지막에 눈감고 던지는 조던은 봐도봐도 레전드 ㅋㅋㅋㅋㅋ Welcome to NBA,CbtqekQMouQ
@이-n6z8w,2,쿰보는 뱅크샷 해야됨 루틴만 뒤지게 긴데 들어가지도 않아,CbtqekQMouQ
@coachmaverick5151,2,마지막 마사장님 눈감고 클린샷 ㅋㅋ,CbtqekQMouQ
@새쩌,2,마이클 조던이 눈 감고 던지는건 ㄹㅇ 미친거 아닌가 싶었음ㅋㅋㅋ,CbtqekQMouQ
@Dragon-Riders,2,눈 감고도 넣는 킹던좌,CbtqekQMouQ
@킹콩-w4g,2,클린을 해야 슛감각이 좋아져 백보드 맞추는거 계속하면 감각이 매일매일 다른거지,CbtqekQMouQ
@airforce3262,2,할매(그랜마)슛이 폼은 안나지만 확률을 더높여주죠,CbtqekQMouQ
@soulpark8085,2,정보) 확률높은1점보다 플레이중 슛감때문에 클린샷을 노린다고 하지만 kbl보다 nba자유투가 평균성공률이 더높다.,CbtqekQMouQ
@김진규-m1m,2,슛이 안좋은선수에게 좋은대안은 맞지만 그것마저도 실패가 두려워서 백보드 쏠꺼면 은퇴할때까지 슛은 갖지 못할듯,CbtqekQMouQ
@whattheget,2,"백보드 맞추는 것이 점수 획득에는 유리하겠지
그런데 솔직히 프로는 눈요기도 한몫하는거 아니냐?
남들의 관심으로 먹고사는 것이 프로 스포츠이기에 엔터가 필수불가결이라고 생각해야 하는데 그걸 무시하는 한국 프로스포츠가 별루인거지 ㅋㅋ",CbtqekQMouQ
@thkang7404,1,"포프비치는 멋 때문에 뱅크샷 안하는거라 이야기함. 그리고 NBA역대 파워포워드 1위인 팀던컨의 시그니쳐는 뱅크샷임. 일정 각도에서  슛을 쏘는 빈도가 높다면 뱅크샷은 매우 효율적임. 특히 자유투처럼 각도가 정해지면 매우 효과적임.




포프비치가 한말임",CbtqekQMouQ
@abc-y1c2g,1,"감각이고 성공률이고 나발이고 
걍 미국에서 뱅크샷 이미지 자체가 여성스럽다는거임

안그래도 마초주의 심한 미국에서
덩치큰 농구선수가 뱅크샷 던지고 있으면 얼마나 놀림받겠냐",CbtqekQMouQ
@pdtv5687,1,"수준이 올림픽도못나가는 수준인데
백보드건 뭐건 뭔상관?
슛터치가 ㅈ같은거지
연습부족ㅉㅉ",CbtqekQMouQ
@marklee5025,1,백보드 자유투해도 다들어가지도 않으니 문제지. 하나씩은 못넣는 경우가 다반사,CbtqekQMouQ
@까빈-x8j,1,"진심 백보드 맞추고 골 넣는거 멋 없음 진짜 
내가 중2때농구 처음 시작했을때 저렇게 하고 시작한지 6개월 만에 저렇게 안던짐",CbtqekQMouQ
@잉치킨-grace,1,"nba는 정면, 사이드 모든 각도에서 똑같은 감각으로 슛을 쏘기에 무조건 클린을 선호함.
kbl은 말을 말자 ㅋㅋㅋㅋ",CbtqekQMouQ
@티모하마,1,개농을 직접 보러 가는사람들에게 존경을....,CbtqekQMouQ
@sirheixnsk2403,1,사실 백버다 자유투가 좋긴한데 nba에서는 보여지는 모습이 중요하다 생각하는거같음 슛감? 저런거 안해도 슛 잘 넣는데 뭐.. 실제로도 선수들이 흔히 말해 가오 떨어진다는 말도 했었고 성공률이 저런거 안해도 높지만 하면 더 높아질 수도 있는게 팩트고 그냥 선수들이 안하는건 가오문제도 있을 듯 저 백보드 영상 퍼지고 외국에서는 조롱했었으니,CbtqekQMouQ
@프사끌릭Dopamin_I_9X_Onfan,1028,*그만큼 절실한 순간이었겠죠.. 인상 깊었습니다 ㅎ*,8_4MRbCqPKA
@bike_uni,17,상대 감독...의 격려... 얼마나 넓은 마음이어야 가능한 인품일지 감히 헤아려지지가 않네요..,8_4MRbCqPKA
@Qwera.a,1,발베르데가 레알 똥받이 ㄷㄷ,8_4MRbCqPKA
@afkafk990,1,갑자기 생각난건데 흥민이가 담궜던애 잘뛰고있음?,8_4MRbCqPKA
@emtdcchoi561,1,"이길수 있다면 수단과 방법을 가리지마라?
페어플레이는 개나줘버려라?
스포츠정신 그게 먼데, 이기는게 장땡이야?",8_4MRbCqPKA
@서현진연기대상,1,"댓글들 저거보고 멋있다, 그럴만 했다 이러고 있네...",8_4MRbCqPKA
@zeus1586,1,과연 한국vs일본 경기에서 일본 선수가 저런 태클을 했어도 이딴 영상을 처 만들면서 일본 선수의 선택을 존중해줄까?,8_4MRbCqPKA
@Amoogaek,1,시메오네 멋있네,8_4MRbCqPKA
@AustinSon88,1,"발베르데 졸라 싫다. 인성 개쓰레기.
전형적인 남미 쓰레기.",8_4MRbCqPKA
@_Tr80,0,"레알팬 특) 우리팀이 하면 간절한 희생 플레이, 타 팀이 하면 ㅈㄴ 더티플레이 이러면서 상대선수 인스타 가서 욕설, 비난, 인신공격 ㅈㄴ함ㅋㅋㅋㅋ",8_4MRbCqPKA
@brave1022,0,"당한 선수가 안 다쳐야겠지만 대의와 명분이 충분해보이는 반칙이였다.
살인은 나쁜 짓이지만 안중근 의사께서 그랬듯이",8_4MRbCqPKA
@지엔느-k8u,0,개븅신 k리그 였으면ㅋㅋ,8_4MRbCqPKA
@hohohahah41,0,발목인대파열 될수도있는데..,8_4MRbCqPKA
@환이-Hwan,0,발데르데 순간 판단도 뛰어나고 훌륭한 선수임,8_4MRbCqPKA
@3sonlee332,0,이걸 비난할 수 있나??,8_4MRbCqPKA
@꼬꼬면왕컵,0,우리 두목님이라면 저 상황에서 욕 하면 팬들이 비매너로 크게 뭐라고 할 것 같기도 하고 승부욕에 그럴수 있지..후..이러면서 대인배스럽게 넘어갔을거임 그 모습에 내가 팬이 되기도 했고,8_4MRbCqPKA
@하더,0,수아레즈는 신의손은 욕하고 이건 왜 옹호해주는 분위기지?? 둘다 똑같다고 보는데 ㅎㅎ 난 둘다 그럴 수 있겠다는 입장이고,8_4MRbCqPKA
@빠가야로-h6v,0,설령 경고를 받거나 퇴장을 당했을지라도 대를위한 희생이라 생각하면 저행동은 굉장히 축구지능이 높은 플레이라 할수있죠..저 태클하나로 세계선이 뒤틀린거임,8_4MRbCqPKA
@mulmukelgga,0,인정이 아니라 이해한다 지..너 급했구나 ? 이런 손으로 잡은것도 아니고 저런 백테클은 부상위험도 있고 그냥 이해한다임 저건,8_4MRbCqPKA
@myjjune,0,저정도는 패널줘야한다 걍,8_4MRbCqPKA
@프사클릭_I_9금_OnlyfanTOP,875,*얼마나 철저하게 상대 파악을 했던 건지…… 정말 인상 깊네요……*,oj2sLAV1sOw
@l9금s야7뎡모음uJ2,47,푸틴이랑 어깨동무하고 홍차 한 잔할 뻔한 운동선수 ㄷㄷ,oj2sLAV1sOw
@nike145,4,바지도다르고다다르구만 멀ㅋㅋㅋㅋ  짜집깁ㆍ닷나,oj2sLAV1sOw
@무적오징어,3,싸움도 머리가 좋아야 잘하는구만,oj2sLAV1sOw
@Libero_89,2,심판이 무릎으로 완전히 보낸경기😮,oj2sLAV1sOw
@MiIdSeven,2,잔뜩 기대하고 누워서 보려던 찰나 먼저 누워버린 그 전설의 알도형....,oj2sLAV1sOw
@Earth-destruction,2,것보다 대물 고추가 더 놀랍다,oj2sLAV1sOw
@태백종합,1,다 쥰비하는거임,oj2sLAV1sOw
@김주원-v5p5z,1,난놈이여,oj2sLAV1sOw
@집두한,1,맥구 전성기때 보면 상태 움직임 파악이 엄청 났음 전략도 좋았고 거기에 거리감 타이밍 정확도까지.. 너무 빨리 배부르지만 않았어도 전성기 더 길었을텐데,oj2sLAV1sOw
@Hello_PT,1,와 졸라 크네..,oj2sLAV1sOw
@프사우리누나,1,맥구 존나 크네,oj2sLAV1sOw
@쿠쿠-o5z,1,와ㅋㅋ 코너는 진짜 시식코너다,oj2sLAV1sOw
@mmskkm,1,맥그리거는 어디가고 웬 동네 아저씨 맥구가 있노...,oj2sLAV1sOw
@qweasdman,1,ㅋㅋ 경기 시작 전이랑 왜 팬티가 달라 이 양반아 적당히좀,oj2sLAV1sOw
@낚튜브tv,1,그럼 다른 알도 조심해야겠구만,oj2sLAV1sOw
@100t_,1,"어느 스포츠든
지능 수준이 탑클래스를 만든다
축구 지능
파이터 지능 등등",oj2sLAV1sOw
@강희준-m9z,1,그냥 뗏찌~하니 넘어가네..,oj2sLAV1sOw
@김서방-c1t,0,경기복이 다른거 같은데 알도경기 후에 내가 이렇게 했었다 하는걸 짜깁기 한 영상일수도 있음,oj2sLAV1sOw
@sc635,0,ㅋㅋㅋ 끼워 맞추기 진짜 훈련하다 보면 이런저런 동작이 다 나오지 그 부분만 해서 보면 다 예상하고 처맞은 경우도 있고 저 영상이 경기 얼마 전 인지 후 인지 누가 암??,oj2sLAV1sOw
@youngudt,2267,"하수:아놀드가 이런 세레머니를? 재계약 하나보다 ㄷㄷ

고수:레알 옷 입을려고 벗었네",Cv0T4HFKT8w
@user-wuqvdkgi2a,614,"덕배 나이먹으니까 재계약 안하는거봐라. 이렇게 칼 같은게 시장인데, 정으로 의리로 남으라고? 개풀뜯어먹는소리. 레알가는게 맞음",Cv0T4HFKT8w
@pradiumapt3792,535,"상황 지켜보자고 노코멘트 시사했지만 , 나를 fa로 레알로 보내고 싶지 않다면 클럽에게 성의를 보여라는 언플했음 ..조용히 나가고 싶어서 머가리 굴린건지 아니면 말 그대로 재계약 자체의 서운한 감정인지는 지켜보면알듯..",Cv0T4HFKT8w
@릴리콜린스-c8x,168,잘하니까 배신자지 못해봐라 꺼지라고 할걸?ㅋㅋ,Cv0T4HFKT8w
@Ahdboene,155,타팀팬인데 얘는 걍 안갔으면 좋겠음 제발 원클럽맨으로 남길,Cv0T4HFKT8w
@Giiiiiiiiiil1234,134,리버풀은 한국으로 치면 목포같은 곳인데 뭘 자꾸 남으래 ㅋㅋㅋㅋㅋㅋㅋ,Cv0T4HFKT8w
@오끌오꿀,41,리그우승확정한날이나 우승퍼레이드할때 잔류선언하면 낭만뒤지는데 제발,Cv0T4HFKT8w
@ٴٴٴٴٴٴٴٴٴٴٴٴٴٴ-ص9ن,38,코어통이 왜이리 크냐 ㄷㄷ,Cv0T4HFKT8w
@cdzzzqacv,30,"슈슈처럼 해라...
너 리버풀 레전드가 되고 싶자나?",Cv0T4HFKT8w
@박무명-q6x,20,그 와중에 코어통 두께보소 ㅋㅋㅋ,Cv0T4HFKT8w
@leccoon,15,그와중에 몸이 좀 이상해보임,Cv0T4HFKT8w
@미누-r3v,7,못했으면 방출해라 이랬을거면서 ㅋㅋ 진짜 역겹네,Cv0T4HFKT8w
@kimjoo9121,6,상의탈의후 벨링엄 세레머니를 해버렸군요,Cv0T4HFKT8w
@박민준-g4r,5,자 이제 마운트행을 걷는거다,Cv0T4HFKT8w
@ssS-ny6sz,5,뭐 이적 확정났잔아....  히얼리고 뜰텐데... 끝까지 구차하게 그러누....  슬롯체제를 이어 팀을 위한 빌딩을 하면 꾸준해질수 있어 계쏙해서 유소년을 집중시켜서 시스템을 1군까지 연결하려는것이 중요,Cv0T4HFKT8w
@user-bb5vi4ne2j,4,그냥 이제 필요없음 이거네,Cv0T4HFKT8w
@good2pac,3,현지 콥들은 덤덤하게 인정하고 보내주자 라는 분위기인데 한국 콥들만 유독 발작을 넘어서 경끼를 일으키네 고생한선수 박수치면 보내줘라 배신자니 머니 하지말고 니들은 어릴적에 애기한거 다 지키면서 사냐?,Cv0T4HFKT8w
@Sndnnridjs,3,왜 이게 논란이냐,Cv0T4HFKT8w
@장재민-i5z,3,바로 환복하려는거봐라,Cv0T4HFKT8w
@Mr.Gray4455,3,아놀드 살쪘네 ㅋㅋ,Cv0T4HFKT8w
@jbaek9329,19,첫짤 같은 걸로 직접 가져다주면서 헤헤 수줍어 하는거 웃기네 ㅋㅋㅋ,22V0ehAJUok
@성곤김-u9m,14,"진정한 팬 서비스네요 품격도 있구요
선진국이란 그냥 되는게 아닌 것 같습니다 ❤",22V0ehAJUok
@area51k,6,"1) 키움에서 뛰었던 에디슨 러셀  ❤
2) 샌프란시스코 자이언츠 투수 저스틴 벌렌더의 부인인 모델 케이트 업튼😊❤",22V0ehAJUok
@Park_Cheolmin,2,귀여웡 😂😂😂,22V0ehAJUok
@속초게랑회랑,2,팬들에게는 평생 기억에남을 추억!이것야말로 팬들을위한 진정한 프로정신!우리나라 프로 선수들도 저랫으면 좋겟내요!,22V0ehAJUok
@heachanglee5680,2,어런거 참 좋타~~,22V0ehAJUok
@보이스피싱-h4e,1,해외선수들보면 정말 감동적이고 멋진분들많던데 우리나라선수들은 건방이 하늘을찌르던데 좀 배웠으면좋겠어요,22V0ehAJUok
@오덕질로입덕하자,1,엄청난 미인,22V0ehAJUok
@제아내에요,1,마지막 애기 방방 뛰는거 개귀엽다ㅋㅋㅋ,22V0ehAJUok
@young-p7z,0,"가식이라도 한국스포츠 에서도
필요하다 인색해",22V0ehAJUok
@redbl7673,0,자 이제 우리나라는? ㅋㅋㅋㅋ,22V0ehAJUok
@user-kim0000,0,우리나라 선수들은 보고 좀 배워라,22V0ehAJUok
@부숭이-e7m,0,마지막은 낭만 미쳤다!,22V0ehAJUok
@동네아재-h7c,0,미모의 관중이 아니고 투수 저스틴 벌렌더 마누라입니다😂,22V0ehAJUok
@원투쓰리포빠,0,우리나라도 필요하다,22V0ehAJUok
@고라니-p7i,0,한국 저리가라새꺄,22V0ehAJUok
@받놔못,0,류뚱 보고있나,22V0ehAJUok
@kasa937,0,밥떨군 사람은 거위 나라를 잃었는데? ㅋㅋㅋㅋ,22V0ehAJUok
@김기현-r6f2x,0,보기 좋네요,22V0ehAJUok
@smart_catz,0,지금보니 첫번쨔 러셀 이넼ㅋㅋㅋㅋ,22V0ehAJUok
@프사끌릭Dopamin_I_9X_Onfan,948,*와 앞에서 솔직히 이해할 수 있는 거 같네요 ㅎ*,kItekoAdMQ4
@nacho8799,306,근데 곽튜브가 생각을 바꿔야 하는 게 곽튜브는 실제로 축구 잘앎. fm도 오래했고. 근데 피파유튜버는 걍 대부분 축알못이라 생각하면됨. 피파이 최적화된 사람들이라 엘라누 충분히 모를 수 있음. 축구 안 보는 애들도 수두룩할걸,kItekoAdMQ4
@Austin_unofficial,38,하 진짜 곽스럽다 ㅋㅋㅋㅋㅋ,kItekoAdMQ4
@김성원-p5l,37,"""왕따 당하는 애들은 다 이유가있다""",kItekoAdMQ4
@Sj-zk5jm,16,어우 ㅈ준빈이 존나 무례하네 ㅋㅋㅋㅋㅋ,kItekoAdMQ4
@얼리버드-s1o,5,담당일찐이 나쁜건 아닐지도...,kItekoAdMQ4
@1unseo.h,5,준빈이 신났다 ㅋㅋㅋㅋㄱㅋㄱㄱㅋㄱㅋㅋㄱㄱㅋㄱㅋㄱㅋㄱㅋㄱㄱㅋㄱㅋㄱㅋㄱㄱㅋㄱㅋㄱㅋㄱㅋㄱㅋㄱㅋ,kItekoAdMQ4
@sj-lt9zb,4,강팀을 빤다해서 강해지진 않습니다,kItekoAdMQ4
@lizard-yg3cx,4,여기 댓글은 약간 선비..쪽인가..?  파김치갱이나 곽튜브 빠니보틀만봐도 장난이거늘...,kItekoAdMQ4
@bjhpjy,3,곽튜브 멋생겼다,kItekoAdMQ4
@wearestillyoung8919,2,첨에 잘생긴 사람 나오다가 뒤에 두명 나오니까 충격적이네..,kItekoAdMQ4
@g1t539,2,"곽두브 진짜 습관적 비난,뭐좀안다고 깔보는듯한 말투, 비하할때 나오는 썩소 
이거만 고쳐봐라 
진짜 난리난 이미지 언제 그랬냐는듯이 없어질거다",kItekoAdMQ4
@Good_Luck__,2,쿠티뉴 말빨 밀리노 ㅋㅋㅋㅋㅋㅋㅋㅋㅋ,kItekoAdMQ4
@djdidks,2,백퍼 맨시티 강할때 부터 좋아했으면서 강팀 충 소리 듣기 싫어서 호비뉴이전 엘라누 거론하네 ㅋ,kItekoAdMQ4
@wxxnxun,1,"곽튜브 불편해 하는 사람이 많은 이유 억까 억빠 없이 설명해준다 

1. 꾸티뉴와 곽준빈은 별로 친분이 없는 사이이며 
학폭 피해 동정 여론으로 뜬 곽준빈한테 꾸티뉴는 
장난 한 번 치는 것도 굉장히 조심스러울 수밖에 없음 
학폭이란 민감한 주제의 가아라 모래 쉴드가 패시브로 있는 상태인거임 

그런 상황에서 본인은 남을 꼽 주면서 본인을 올려치는 식의 화법을 구사함 ex) 아 모르시겠구나~ , 몰라요?? 

여기서 불편함을 느끼는 사람들이 있는 거임 
장난이라는게 동등한 입장이 아니라 
한 쪽은 걸기 불편한 상황에서 일방적으로 걸리는 것이니까 ㅇㅇ 

2. 재미라도 있으면 모르겠는데 
애초에 곽준빈 자체가 말을 센스있게 하질 못햐서 
듣다보면 뭘 말하고 싶은지 모르겠음
(학창시절 항상 있던 입 열면 분위기 조지는 학우가 떠오름)
Ex> 지가 앞서 ""엘라누는 모르시겠구나~!"" 로 운 띄워놓고 
""엘라누를 몰라요?!"" 라며 본인만 알고 상대가 모른다는 것을 부각시키려는 말을 반복하는데 이렇듯 앞 뒤가 전혀 안맞아서 
거부감이 생기는 것",kItekoAdMQ4
@ELDENRING_0310,1,학창시절에 축구 좋아하는 애들 사이에 껴서 해축얘기도 못했을껀데 여기서라도 해야지,kItekoAdMQ4
@씻으면욘사마,1,사람은 관상을 무시할수가 없음. 쟤는 언젠가 꼭 나락감 진심,kItekoAdMQ4
@HP-iu8ep,1,곽튜브 안 나왔으면 좋겠다 제발ㅋㅋ,kItekoAdMQ4
@최유기-c8y,1,맨시티는 야야투레 다실바때부터 시작이지~,kItekoAdMQ4
@No.9oo.,1,피온충 몇명이나 긁힌겨,kItekoAdMQ4
@3tv441,107,선수는 경기장 밖으로 떨어졌습니다...,MyC4wt6z3mk
@i9야뎡XQ풀버전q4,71,선수가 경기장 나가버렸어... ㅠㅠ,MyC4wt6z3mk
@MOTOGIO,11,"와 바로 구해봐야지

근데 이거 혼자해도 재밌겠죠?",MyC4wt6z3mk
@김강현-l5f,9,문선민은 이 게임 금지,MyC4wt6z3mk
@fox333333333,8,저 게임 공 속도 생각하면 골키퍼말의 방어면적이 더 넓게 표현되어야 공정할것 같네요,MyC4wt6z3mk
@sky_mong,6,"퍼포먼스 능력:♾️
언어 능력:👶",MyC4wt6z3mk
@대칸나,4,솔직히 존나 지렸다.,MyC4wt6z3mk
@fance-m7c,3,"마지막에 ""나 안해"" 이거 나만 들림?",MyC4wt6z3mk
@user-fd7rg1bz2,3,알까기 열화버전이네,MyC4wt6z3mk
@경이따라,3,아이고야~대단한거 하셨네..,MyC4wt6z3mk
@마법거북이-s2n,2,슬슬 오일 체크 똥구녕 관한 거 올릴 타이밍이 된 거 같은데,MyC4wt6z3mk
@ycm606,2,알까기가 추꾸가 되었네 신박하군,MyC4wt6z3mk
@lukeskywalker9681,2,수비수 턴은 언제 오는겨,MyC4wt6z3mk
@Dwaejigugbab2658,2,득점 못한거 아님? 나만 이해못했나?,MyC4wt6z3mk
@Greeeeeeeed,2,너무 쌔게 쳐서 골키퍼 아저씨 얼굴 맞추는 줄ㅋㅋㅋ,MyC4wt6z3mk
@hyngchul,1,이야!!나가!나가!나가!!!짝,MyC4wt6z3mk
@성이름-y2i2f,1,허성태의 포효,MyC4wt6z3mk
@성이름-r5k,1,이게 축구지 ㅋㅋ,MyC4wt6z3mk
@Win_tiger,1,왜 메랍 와서 하고 있을거같냐 ㅋㅋ,MyC4wt6z3mk
@Hallands777thgoal,0,손가락 튕구고 최소 챔스결승 쐐기골 세레머니 쳐하네,MyC4wt6z3mk
@덕주변,542,와 낭만 미텼네 코치님 결혼식날 행복사 하겠네,MVsGSe0PZm8
@rose45232,88,"코치님 뒷모습도 잘 생기셨네요~~
흐뭇뿌듯한 제자들의 축하구호에
온세상이 행복하셨겠어요~
결혼 축하드려요🎉",MVsGSe0PZm8
@smile_jack,31,저가 본 결혼식 영상중 제일 멋지고 감동적이네요 👍🏻,MVsGSe0PZm8
@연-r6b3e,25,뭔가 흐뭇하고 뿌듯한 영상이라 계속 보게됨 ㅋㅋㅋ 넘 귀여움 ㅋㅋㅋㅋㅋ,MVsGSe0PZm8
@서경숙-k7s,12,"너무귀엽다
코치님 신혼부부
얼마나 뿌듯하실까요🎉🎉🎉",MVsGSe0PZm8
@leejy5462,10,저 리드하는 애가 너무 잘한다~!!  크게 될 녀석이야,MVsGSe0PZm8
@쿠세-c9l,8,참 이쁜 장면이다. 가슴이 따뜻해진다.,MVsGSe0PZm8
@이재진-n3w,4,미춋다 코치님 기분 째지겠네 😂😂😂,MVsGSe0PZm8
@vheh6734,2,야구찐팬으로써 내가신부라면 결혼식하면 이장면이 제일먼저 생각날것같다 영상만으로도 뭉클해,MVsGSe0PZm8
@jini2035,2,아이고 이뻐라~욘석들,MVsGSe0PZm8
@호연이-p7g,1,코치님진짜뿌듯하고행복하시겠다 아구부제자들에게결혼축하도받으시고행복한결혼생활되세요❤❤❤❤,MVsGSe0PZm8
@보로로X,1,10년후에 롯데에서 봐요,MVsGSe0PZm8
@JHM-fd1qf,1,혹시나 선생님 결혼식 가서 괜히 비싸다고 밥안먹고 축하만 해주고 그냥 가는 학생들! 어차피 결혼식 뷔페는 먹는만큼 돈 내는게 아니라 미리 200명이면 200명 300명이면 300명 선금 주고 먹는거야. 너네가 안먹고 가는게 오히려 돈날리는 거니까 먹고가 ㅎㅎ,MVsGSe0PZm8
@김구나-g8y,1,귀여운 아가들,MVsGSe0PZm8
@최승용-n5l,1,귀엽다 ㅋㅋㅋ ❤❤❤❤❤❤❤❤,MVsGSe0PZm8
@아름다운세상-i1l,1,"이 나라의 귀한 아가들!
지금의 그 우렁찬 목소리와 순수한 마음을 영원히 간직하기를...",MVsGSe0PZm8
@아이스크림-v9q,1,우왕..느무멋찌네요,MVsGSe0PZm8
@이여진-v5p,1,ㅋㅋ결혼식이 아닌 시합 시작 구호네 ㅋㅋ기특한것들 ㅋㅋ,MVsGSe0PZm8
@황현하-n1u,1,이 영상과는 무관한 댓글임 그냥 영상보니까 예전에 중딩때 담임생각나네. 친한 교사 시켜서 울반 애들 춤추면서 축가 몇주 준비하게 해놓고 식사할까봐 밥 절대 먹지 말고 나가서 먹자더니 햄버거 사줌ㅜㅜ 그렇게 돈이 아깝고 부족했으면 축가를 애들한테 왜 시키냐구.. 애들한테 사랑받는 담임은 되고싶고 돈쓰기는 싫고~ 이상한 선생들 많았음ㅜㅜ,MVsGSe0PZm8
@inging5268,1,멋진 축하네요 제일 감동적인 모습이네요 코치님 행복하세요 아이들아 사랑과 감격을 주는 축하 고마워 코치님은 영원히 너희들을 못 잊을꺼다...🎉🎉🎉🎉🎉🎉🎉🎉🎉🎉🎉,MVsGSe0PZm8
@Audmsmsykfka,5,근데 솔직히 즐라탄이 상남자 이미지땜에 안까이는거지 저렇게 부모 건드리는거 보면 개찌질하네ㅋㅋ,B8P6RH0kb64
@조형규-h9o,3,즐라탄은 과대평가 되어있는듯,B8P6RH0kb64
@user-qz7kr3bi8f,2,즐라탄은 조직 보스 느낌이고 루카쿠는 경호원이나 행동대장 느낌나네,B8P6RH0kb64
@대한민국현금시대,2,이마에다 뽀뽀 이쁘게 해주네,B8P6RH0kb64
@mmmmmm1-c6z,2,들어가서 애기 하자니까 바로 뒤로 빠지노 ㅋㅋ,B8P6RH0kb64
@Hyo-l3l,2,"역대급으로 신격화된선수 = 즐라탄 
사실 까보면 그냥 분조장 인성파탄자임 ㅋㅋ",B8P6RH0kb64
@kimgh3703,2,"하지만 쫄았쥬ㅋㅋㅋㅋ 월래 다른애들이었으몀 모가지부터 스킨십들어갔을텐데 입만 터네ㅋㅋㅋㅋㅋㅋㅋ
루카쿠한테는 피지컬싸움 쫄았네",B8P6RH0kb64
@송도섭-m7z,2,이마에 뽀뽀 겁나 스윗해,B8P6RH0kb64
@ytjin5219,2,왜 루카쿠가 즐라탄 이마에 키스하는거에요? ㄷㄷ,B8P6RH0kb64
@상추-v9c,1,이상황에 💋 소리 넣는거 보소,B8P6RH0kb64
@도비-v5t,1,ㅋㅋㅋㅋㅋ2~3년전엔 한 클럽에서 같이 한솥밥 먹던 사이였는데..,B8P6RH0kb64
@alexkim4830,1,즐라탄vs루카쿠 매치 함뜨자,B8P6RH0kb64
@24TOTY-GRU,1,백사장 빨랑 움직여라. 메인이벤트급 이벤트매치 하나 해보자,B8P6RH0kb64
@ganzylee812,1,즐라탄이니깐 루카쿠랑 맞짱 뜨는거다,B8P6RH0kb64
@빵우유-m9l,1,이건 즐라탄이 선 넘은거 아니냐?,B8P6RH0kb64
@Steve_Kim95,1,얘들 맨유에서 친했자나ㅋㅋㅋㅋ,B8P6RH0kb64
@동구-b7b,1,이마에 키스하는건 왜이리 웃기냐,B8P6RH0kb64
@조니비,1,줄라탄 한국인임?? ㅋㅋㅋ 저거 한국인 종특인데 ㅋㅋㅋㅋㅋ,B8P6RH0kb64
@드롱-w4q,1,저리 긁혔으면 즐라탄 승이네 ㅋ,B8P6RH0kb64
@함자트치마예프UFC,1,둘이 싸우면 진짜 재밌겠다,B8P6RH0kb64
@온리_s.I_.9금_.-채-_널,809,"*이강인 진짜 뭔 기술인지 모르겠다. 볼 터치 하나하나가 예술이다, 열받네 😏🎉*",L_ofmNzmOv0
@kyo21c,5,역시 강인이 축구는 눈이 즐겁다,L_ofmNzmOv0
@송지현-o7j,4,"잘하는만큼 최고연봉 받자
이걍인 화이팅 화이팅
슛팅때리는것마다 다들어가라 다들어가라 다들어가라",L_ofmNzmOv0
@유정현-t9b,4,진짜 자랑스럽다.,L_ofmNzmOv0
@Dontiknowit,2,날마다 최하위 상대로 메시 놀이 보여준다고 꼴깝떨지요~,L_ofmNzmOv0
@user-rq4td5lw3k,1,"이강인은 수비력 키워서 중미나 수미로 써야함 
로드리나 모드리치 롤이 맞다 

국대에서도 약체팀이랑할때
김민재 수미써서 전진시키고 양쪽 윙백올리고 수비시 상대역습땐 민재내려서 쓰리백전환하고 
황인범 이강인 중미쓰고 양쪽 황희찬 손흥민 놓고 전방탑 오현규든 주민규든 조규성이든 타게터 박아놓고",L_ofmNzmOv0
@darrychoi,1,오ㅏ,L_ofmNzmOv0
@대황칰22,1,"이강인 수비기술만 좀 더 길러서 딥플메하는게 낫긴하겠다
국대에도 도움되고 ㅇㅇ
2선으로 가면 답없어보이고 네베스랑 투볼란치로 나오는게 베스트인듯",L_ofmNzmOv0
@ssj8121,1,"솔직히 야말 < 이강인 아니냐???
나만 느낌???",L_ofmNzmOv0
@rlgnsl247,1,이강인한텐 안주네 ㅋㅋㅋㅋ,L_ofmNzmOv0
@쿤이-k8b,1,공이 발에 붙어다니는게 메시의 냄새가 난다,L_ofmNzmOv0
@오오오오-l9j,1,쏘니는 만나면 뺏김,L_ofmNzmOv0
@Hwangdoyoun,1,덕배의 후계자로 맨시티가자,L_ofmNzmOv0
@wolfk3893,1,"진지하게 국대 수미가 정말 답 못찾으면 
차라리 남는 센터백중에 하나 올려서 경호시키고 
이강인 6번롤 주는게 나을 수 있음",L_ofmNzmOv0
@올리브-h3z,1,딱 카릴레로가 맞는 선수인듯,L_ofmNzmOv0
@JH_kikiki,1,손흥민보다 이강인,L_ofmNzmOv0
@Leclerc110,1,중앙에서 뛰니깐 잘하노,L_ofmNzmOv0
@Sunset_Guy,1,그럼 뭐하냐 싸가지가 없는데.,L_ofmNzmOv0
@Aileeonline,1,0:23 여기서 안준건 ㅈㄴ 석나가네 그냥 노마크였는데 이걸 안주네,L_ofmNzmOv0
@yaro--yaro,1,잘한다,L_ofmNzmOv0
@GRSUPURA,90,"패스 할때나 받을때나 발목고정이
진짜 중요함..",ePKHWXLDF04
@user-le5qh9vr5u,41,"끝나고 막걸리가 목적인 사람들한테
뭔 섬세함을 찾냐고 ㅋㅋ 재미삼아 하는건데
왜이리 진지하냐고 ㅋㅋㅋㅋ",ePKHWXLDF04
@luv1uvr,34,"쉽게 말하면 아킬레스건을
펴준다고 생각하면 됨.
탁 끊어줘야 될 상황과
결대로 밀어줘야 될 상황이 있음
해보면 구질이 약간 다름",ePKHWXLDF04
@ssayomi1,31,"기본기중 가장 중요한 인사이드패스 인사이드터치
그만큼 많이 쓰임
이게 질적으로 세밀한 선수가 한단계 수준높은 선수죠",ePKHWXLDF04
@뛰다_마네,20,발목 땡기라는 말이 뭔말인가 했는데 발끝 올리라는 얘기였군요,ePKHWXLDF04
@이준영-i6b,12,"이거 안정환님 채널에도 꿀팁 나와있는거죠.
땅볼패스할 때는 발목 땡겨서 위로 향하게 하라고
발목 땡긴다는게 이해하기 힘들면 아킬레스건 땡긴다고 생각하고 발을 위로 향하게 만들라고 합니다.",ePKHWXLDF04
@겨울-b4s,10,본인 감독인가요? 이게 한국 감독들의 문제임. 잘못된부분을 캐치해서 잘 설명하고 이해되게 풀어가야지 무조건 처음은 지적. 지적. 지적. 후 비난 그다음 문제해결을 알려줌. 이게 문제임 그래서 우리나라 선수들이 유독 다른나라에 비해 실수를 두려워하고 안전안전 패스 공격 길만 보니까 다른나라하고 지금 완전 차이나는거임. 우리나라 감독들은 무조건 비난 지적 질책임. 왜냐? 지들이 배운게 그거니까,ePKHWXLDF04
@lilly0463,9,많이 배웁니다 감사합니다,ePKHWXLDF04
@Lee5do,7,아 당신은 그래서 거기서 그러고 계십니까 ? ㅋㅋㅋㅋ 한국에서 ? ㅋㅋㅋㅋ,ePKHWXLDF04
@원데이투데이-f5w,6,땡겨?? 지들끼리 쓰는말 쓰면 누가 아냐??ㅋㅋㅋㅋ,ePKHWXLDF04
@yj1136,6,"발목을 땡긴다는 표현이 이렇게만 봐서는 잘 모르겠어요!
디테일한 영상 제작 부탁드려요~",ePKHWXLDF04
@woodcutter_hong,5,넵 땡기겠슴돠!!,ePKHWXLDF04
@민서김-u3e,4,얘들이 뭔데 평가해 ㅋㅋㅋㅋ 지가 잘했으면 여기서 입 여는게 아니라 프로선수 했겠지,ePKHWXLDF04
@제점수는,3,"일주일에 한번 차거나 그마저도 시간 안돼서 
못나오면 한달에 2,3번 차는건데 
4쿼터 기준 2-3쿼터 30분씩 찬다치면
한달에 10시간도 못차는거임 그것도 
11:11은 볼도 잘 안오기 때문에 터치도 
제한적 볼감각 늘릴수가 없음 
그나마 제일빠른게 웨이트나 유산소해서
체력기르는거 확실히 많이 뛰면 도움됨
조축때문에 개인훈련 하는사람은 살면서 못봄",ePKHWXLDF04
@jejelee5035,3,이런지적은 좋은데 말도안되는 억지지적은 좀 피할필요있음 콘텐츠를위해서라도. 방에서앉아서 편하게 지적질은 누규나 함,ePKHWXLDF04
@고영신-d2b,3,안됩니다  죽어라 얘기해도 그사람의 한계...,ePKHWXLDF04
@Brandon-gt8gc,3,"근데 보통 교육영상이나 선출들이 패스할때 발목고정 발목고정 이러는데 왜그러는지 도통 이해가 안됨
고정이라하면 발끝을 내리든 올리든 고정인데 이렇게 발끝을 올려서 고정이라 정확히 말을하던가

왜 발목고정발목고정 소리만 치는거임?",ePKHWXLDF04
@EternalJude,2,패스할 때 끝까지 미는 버릇은 유년기 때부터 고착화 되는 기본기라 형성되지 않은 일반인들이 많음. 몸풀기운동 할 때 서로 한두번 주고받으면 대강 가닥나옴 그래서.,ePKHWXLDF04
@user-bv3tk7jf7r,2,또또ㅋㅋㅋㅋㅋㅋㅋㅈㄹ한다,ePKHWXLDF04
@rlafldb313,2,어차피 안고처짐 못고침 아니 고칠 생각조차 안함,ePKHWXLDF04
@온s팬_X_-1-_9..금채-.널,822,*효진이는 역시 사격 천재다. 중국 선수도 잘하지만 레벨이 다르지 인간적으로.😏🔥*,WhUIihJPl14
@wyeuibfhjg3649,2,2등한  중국선수도  축하합니다.,WhUIihJPl14
@장경환-x6v,1,반기문?,WhUIihJPl14
@밀프,1,사격 자세 왜저럼?,WhUIihJPl14
@邢鎭晟형진성,1,"국민은 중공과 싸우는데
정치인들은 중공에 나라 팔아먹는 중이다.",WhUIihJPl14
@한마루-y5l,0,와 0.1점 차라니... 1등 사수했을때 실수라서 멘탈 잡기 쉽지 않았을텐데 어린선수가 대단하네요. ㅎㅎ,WhUIihJPl14
@CowPower-513,0,0.1로 겨우 이겼는데 가지고 중국을 가지고 놀았다??? ㅈㄹ,WhUIihJPl14
@kissvox1,0,저 중국선수 거북이루틴 개살벌했었음~,WhUIihJPl14
@dogd3786,0,조준중인 모습이 진짜 사진같네 대단하다 영상 멈춘줄,WhUIihJPl14
@Nodouk,0,이야 중국선수도 엄청 잘하네 ㄷㄷ,WhUIihJPl14
@즐겜러-y1l,0,실시간으로 봤었는데 진짜 손에 땀이 났어.. 역전승,WhUIihJPl14
@northsevenstar,0,생중계 보면서 감동 ㅎㅎ,WhUIihJPl14
@어어어-q2p,0,이 경기 실시간으로 봤는데 접전으로 이겨서 더 기뻤던기억이,WhUIihJPl14
@가비오빠-c7b,0,"이름부터 윈하는 이름이네 멋집니다
골드메달 박수 짝짝짝 🎉🎉",WhUIihJPl14
@짐지니,0,케틀궁,WhUIihJPl14
@hjennifer3498,0,저게머야 겁나쉬워보이네,WhUIihJPl14
@mister_9523,0,근데 겨우 이긴걸 갖고 몰았다고 하기엔 좀😅,WhUIihJPl14
@ktg756,0,그래 이거지 중국인은 이겨야지 ㅋㅋ,WhUIihJPl14
@밥그릇-x2f,0,"아 ㅆㅂ 중국에 컴플렉스 있냐?
뭐만 하면 중국이냐?
이건  중국 견제도 아니다..
이정도면 병이다..  제발 이딴 쓰잘데기없는 해석 좀 하지마라",WhUIihJPl14
@동네한바퀴-s6f,0,한국 정지 아니냐,WhUIihJPl14
@NightEast,1029,"박지성 맨유 갓 진출했을 때 공중파에서 맨체스터 현장다큐 방송 했었는데
그때 타고가던 택시기사(맨유팬)가 맨유방송 틀어주는데 마침 나오는 내용이 맨시티 로고에 관해서 까는거였음 ㅋㅋㅋ
""맨시티 별 3개 의미가 무얼까요? 네, 3부리그를 3번 갔었다는 뜻이죠 ㅋㅋㅋㅋㅋ"" 이랬음 ㅋㅋㅋㅋㅋ",wkBwFcB0es0
@4k_keeper,271,별 이뻐서 달았다는게 개웃기네 ㅋㅋㅌㅋㅌㅋㅋㅋㅋㅋㅋㅋㅋㅋ 노린거아니냐,wkBwFcB0es0
@허벌나,178,"지나가다  이  할매가  한마디 하우. 맨시티는 20 년  이상  팀을  지  꼴리는대로  운영했던 피터 스웨일스가  사임하고 레전드 출신인 프랜시스 리가 회장으로  취임하는데,  오히려 팀은  더  곤두박질쳐  최악의  상황을  맞이한다우. 90 년대 후반, 2부 3부까지 떨어지는데, 이  때  분위기  전환으로  로고를  또  바꾸는데 여기서 등장하는  근본 모를  별  세 개는 사실 프랜시스 회장이 사랑했던  여인  세 명을  상징한다우.  마초의 뜬금없는  구식  세레나네였던  셈이지. 알면서도 걍  웃고  넘어간  20세기  웃픈  이바구라고  치부하면  그만인  셈이지.  나보다 어린  프랜시스는 몇 년 전인가  고인이 되었다우.  그가 더비 카운티에서  뛰던 시절 직관한 적도 있었는데... 어찌보면 낭만적인  이바구일 수도  있겠수. 그를  만날 날이  곧  오것지.  인생  짧다우. 다들 하고싶은 거 즐기면서  행복하시구랴.",wkBwFcB0es0
@seulgijoa,142,근본이 있던거처럼 얘기를하네,wkBwFcB0es0
@takiko4570,103,저 당시 로고 이뻤지... EPL 시작 오프닝도 좋았고ㅠㅠ,wkBwFcB0es0
@amollang1111,49,맨시티는 로고 제외하고도 그냥 노근본 오일머니로 뜬 팀인데,wkBwFcB0es0
@최재혁-z2s,39,"어렷을 적 의문이 지금 풀리네 ㅋㅋㅋㅋㅋ 
뮌헨, 인테르, 유벤투스 이런 팀들 위에 별 표시가 분명 우승과 관련 있는거라고  들었는데 맨시티는 왜 별이 3개나 있지? 라는 생각을 했는데 슈발 그냥 이뻐서 였냐 ㅋㅋㅋㅋㅋㅋㅋ",wkBwFcB0es0
@lollol-o5g3l,33,맨시티한테서 근본이라는 단어가 나오는거 자체가 웃기네 ㅋㅋ,wkBwFcB0es0
@연어초밥-z4e,32,의외가 아니라 그냥 팀자체가 근본이없는데 뭔 의외야ㅋㅋ,wkBwFcB0es0
@이비드데-d7w,30,원래 근본이 없었는데 뭘 ㅋㅋ,wkBwFcB0es0
@Vitor_Reis-m5r,22,지금로고가 더 근본있고 예쁨 ㅎㅎㅎ,wkBwFcB0es0
@토트넘호우스퍼,20,맨시티는 한결같이 근본없는 잡팀인데 뭔 근본근본거림 ㅋㅋ ㅈㄴ 웃기게 ㅋㅋㅋ,wkBwFcB0es0
@박찬우-g3f,15,그냥 근본이라는걸 찾을수가없는 역사상 최악의 장부돌려막기 로비 투툴 구단,wkBwFcB0es0
@민욱-c7h,12,"근본근본 거리는애들 특징 : 옛날에 잘했던 프리미어 1부리그 중위권팀 하나 잡아서 찐팬인척함.

예쁜 사람 잘생긴 사람을 좋아하는게 사람의 본능인것처럼 스포츠도 잘하는 팀을 좋아하는게 정상적인거 아닌가? 

왜 본인 자기 자신을 다들 속이는거지?
너희들이 말하는 진정 실력과 열정으로 차근차근 올라가며 응원할 맛이나는 근본 넘치는팀이면 2부리그에도 많을건데,

항상 근본거리는 애들한테 팀 어디좋아하냐고 물어보면 백이면 백 맨유 리버풀 첼시더라.

영국의 축구 현장감과 축구지역 분쟁도 겪은적없는 토종 한국인이라면 급 나누기 할거없이 너도나도 별반다를거없는 실력빠들이니까 제발 시덥잖게 본인은 남들과 다른척좀 그만하자!",wkBwFcB0es0
@기절초풍-y8x,11,"그냥 달아놓은 개 아니라 마케팅적 요소가 있었음 최초 저 로고 썼을 당시에 구단주는 지금의 오일머니가 아니라 엄청난 장사치였음 90년대-00년대까지 구단의 자본잠식,경영악화 등 상태가 정말 좋지 못했고 역으로 지금의 맨유는 그 당시 역사상 최강의 팀이라 불릴 정도로 구단과 EPL 통틀어서 아니 전세계를 통틀어서 다섯손가락 들 정도로 위상이 대단했음 그런데 같은 지역 내에서 팬이란 팬은 맨유가 흡수해버리니 맨시티 입장에서는 내세울 수 있는 것들이란 것들은 다 세운거임 이것저것 같다붙이고 해서 겉으로 봤을 때 명문구단(당시 별을 단다는 건 보통 5개 이상 10개이상 우승시 큰 별 하나 였지만) 당시에는 룰도 별도 없었음 그래서 지역명문 처럼 보이기 위한 큰그림이였음 ㅇㅇ

실제로 효과가 있었고 저 엠블럼 때문에 지역민들을 제외하고 해외팬이 급격하게 늘고 구단가치로 상승해서 결과적으로 상당한 금액에 구단 매각함",wkBwFcB0es0
@puu_reni1078,10,ㄹㅇ 개노근본이구나 ㅋㅋㅋ,wkBwFcB0es0
@키키로삥뽕-r3t,9,원래 근본없는 팀인데 뭐 근본타령인고ㅋㅋㅋㅋㅋㅋㅋㅋㅋㅋㅋㅋㅋ 지금에서야 만수르오고 잘나가지 십수년전만해도 그냥 그저 그런팀이었음,wkBwFcB0es0
@김창희-1997,5,로고는 저때가 제일 이쁘고 추억이 많은듯 나스리 산타크루즈 오누오하 아일랜드 등등..,wkBwFcB0es0
@12qqw-l4y,5,"걍 근본이 없길 바라노 그래 알았어 트레블ㅋㅋ
근본이 없는건 챔스무관 개집이고 ㅋㅋ",wkBwFcB0es0
@navercom0001,3,원래 무근본…,wkBwFcB0es0
@I.9.금.전.용.P.R.E.M.I.U.M,3013,"*진짜 얼굴로만 던지는 듯, 개멋져서 안구정화 됐음. ㅋㅋ*",2riiIot2Ais
@끌릭_I9X_딸통령_에디션,1267,"*얼굴로 던지는 게 진정한 미학, 승제님 멋짐 폭발! 🎯*",2riiIot2Ais
@Sul1yoon0402,529,어떻게 얘가 스터디그룹 최약체냐...?,2riiIot2Ais
@프사꾹-l9X-여돌L양-g4b,333,"""얼마나 잘 던질까 했는데, 진짜로 엄청 잘 던지네! ㅋㅋㅋㅋㅋㅋ""",2riiIot2Ais
@nice_mercury1025,258,이거 보고 델랍 떠오른 사람??ㅋ,2riiIot2Ais
@fletcherlynd7112,225,별로 힘도 세게 주지 않고 가볍게 던지는 거 같은데 엄청 멀리 가네요ㅋㅋㅋ,2riiIot2Ais
@Y.H_KIM,222,김진짜 진짜 귀엽네ㅋㅋㄲㅋㅋㅋ,2riiIot2Ais
@불타는달고나,161,몸을 진짜 잘쓰는구나.ㄷ,2riiIot2Ais
@정두수-r8o,51,"실제로 일반 축구에선 무조건 유리
대학교때 저거로 우리편이 졌어요 ㅠ",2riiIot2Ais
@ClarkHong,25,손에서 떠날떄의 속도가 빨라야 멀리 나감! 이게 핵심.,2riiIot2Ais
@gyrdf56,23,얼굴이 잘생겼네 ㅋㅋㅋㅋ,2riiIot2Ais
@wonste,22,도움닫기도 안하고 대단하네,2riiIot2Ais
@hyunax7395,14,한손으로 멀리던지는건 그나마 어렵지않지만 두손으로 저렇게 던지는건 정말 쉬운게 아닌데 팔로만은 안되고 하체부터 손목까지 몸전체를 제대로 사용해서 던지네요~,2riiIot2Ais
@seok_13,13,"이 프로 쇼츠몇개보고 기대안하고봤는데
개쩌네",2riiIot2Ais
@우찌이런-g5o,13,"별로 힘도 안들였는데 엄청 멀리가네 
와우🎉",2riiIot2Ais
@왕자-x7u,7,스터디그룹 최약체 ㅋㅋㅋㅋ,2riiIot2Ais
@MilkyWay-yy1zx,6,진짜형 귀여웤ㅋㅋㅋ,2riiIot2Ais
@SSS-NG,6,임팩트 보소..,2riiIot2Ais
@최형배-s5g,5,"덤블링 할줄알았는데ㅋㅋㅋ
개잘던지네 자세좋고",2riiIot2Ais
@리버풀은중위권이-g4o,5,코리안 델랍이네 미친 ㅋㅋㅋㅋㅋㅋㅋㅋㅋ 아시아의 투석기다 진짜,2riiIot2Ais
@yagujoara,243,"1. 포지션 변경만 3번째!?
SSG랜더스의 하재훈 선수는
야구를 투수로 시작했습니다. 그러다 야수로 포지션변경을 했는데, 2019년 KBO 드래프트에서 SK가 투수로 지명하여 다시 투수로, 그 뒤 부상으로 2022년부터는 타자로 활약중입니다.

즉, 투수 -> 타자 -> 투수 -> 타자
로 포지션을 바꿔왔습니다.

2. KBO 최초의 투타 타이틀홀더??
하재훈 선수는 2019년 36세이브로 구원왕을 차지했습니다. 30경기
연속 무실점, SK구단 최다 세이브, 신인선수 최다 세이브(이전기록 조용준)
등의 기록을 갈아치우며 등장했습니다. 쉽지는 않겠지만, 타자로써 타이틀을 거머쥐게 될 경우 KBO 최초의 투-타 타이틀홀더라는 칭호를 얻게됩니다.",jGyeYtKD-nw
@누구게보험,202,쓱 팬으로써 하재훈 화이팅!!! 멋져요 가족을위한 멋진아빠 !,jGyeYtKD-nw
@sunjine,127,개멋있네 낭만 쩐다...,jGyeYtKD-nw
@꼬밍-x4g,76,하나도 힘들 것 같은데 포지션 변경을 해도 저렇게 잘한다니 ㅎㄷㄷ,jGyeYtKD-nw
@Letsgouu-o8z,71,하재훈 선수 스토리 드라마 나오면 좋겠다,jGyeYtKD-nw
@남산동김,21,"가족이 있기에 힘을냈고 결과를 
만드는거다. 힘내라 하재훈!😂",jGyeYtKD-nw
@사탕엿,15,이제 쏵은 투수 없으면 하재훈 올리자,jGyeYtKD-nw
@slsoiijwm873nks99ss,12,그 당시에 하재훈이 마운드에서면 게임은 끝난거나 다름없는 클로저였죠. 제가 가장 좋아했던 투수이기도하고 선수입니다. 투수로써의 황금기는 찬란했지만 너무 짧았습니다. 부상으로 인해 평균구속이 140초반까지 떨어졌고 결국 외야수로 전향했죠. 선구안은 좀 많이 떨어지지만 걸리면 넘어간다의 정석인 선수입니다. 걸리면.... 걸리면...넘어간다..,jGyeYtKD-nw
@varrts,11,sk시절 유일하게 산 유니폼에 새긴번호가 13번 하재훈인디..... 은퇴전에 타자로도 사고한번 치고 멋지게 은퇴하셧으면 좋겠습니다...응원합니다 하재훈 선수,jGyeYtKD-nw
@익명-112,10,낭만 터진다 진짜...성공하자😢,jGyeYtKD-nw
@gunyoungpark5395,9,하재훈 선수는 정말 잘됐으면 좋겠네요!,jGyeYtKD-nw
@민규장-e3p,9,"사나이는  그절실함을 아는사람이 삶에 성공을 알거다
응원합니다",jGyeYtKD-nw
@cjnet1,9,투타 장인 하재훈..,jGyeYtKD-nw
@나미라면,8,내가.. 야구를 사랑하게된 이유가 하재훈님 때문인데요 삼성전때 지고있을때 홈런 두방이나 뚜따 해가지고 너무 멋졌어요 그경기.. 유니폼마킹도 하재훈님♥︎,jGyeYtKD-nw
@user-Mangomon,8,하재훈 선수 파이팅 하시고 타자로서도 성공하시길~,jGyeYtKD-nw
@파탈탈리야,8,한국의 오타니 랜더스의 퓨처스 하재훈~,jGyeYtKD-nw
@Bi_DDo,6,하! 재! 훈! 랜더스!의 하재훈 안타~ 오오오오오 하재훈 안타~,jGyeYtKD-nw
@목표계획꿈목표계획꿈,6,"정말 대단하다 책임감 멋져요
가족을 위해써",jGyeYtKD-nw
@최태민-p8x,5,노력하는자.즐기는자 보다 절실한 자가 젤 잘한다,jGyeYtKD-nw
@sajimoto-t3q,5,"이게 간절함이고 이게 야구선수지 널널한 자리
주전 꿰찼다고 설렁 뛰는 일부 야구선수들은 반성했으면",jGyeYtKD-nw
@khamster4375,34,"어디까지갈까가 문제다..
이정후의약점을 연구할것이고.
리그끝에서야 실력의보상 받을것이다!",4GNgwgMYytw
@가남맨,32,꾸준하게 오래 잘하자. 니가 요즘 내 유일한 행복 이다.,4GNgwgMYytw
@namyangmed,29,승리할때마다 결정적인것은 정후가 다하던데,4GNgwgMYytw
@-so-cute-,25,딴거 몰라도 양키원정에서 캐리한건 진짜 컸다,4GNgwgMYytw
@최강두산알찬,17,역활ㄷㄷㄷ,4GNgwgMYytw
@부천곰탱이,12,요즘 이정후 보는 재미로 산다 꾸준하게 3시즌만 가자,4GNgwgMYytw
@구슬댕댕이-v1e,10,새로운 바람을 불게한 바람의 손자 그는 메이저리그의 허리케인이 될것이다.,4GNgwgMYytw
@wontaekim8075,8,잘모르나본데 감독부터빌런이다  알아서 잘 해결하길~,4GNgwgMYytw
@hyunseong1215,8,시즌이 끝나봐야 안다. 아직 평가하기에는 무리다.,4GNgwgMYytw
@komikiji,7,정후가 피지컬이 커지면 정밀도가 떨어질것 같으니 지금이 딱 좋아...,4GNgwgMYytw
@임복돌민중의검,6,한시즌을 꾸준히 슬럼프가와도 짧게  그게 중요하다,4GNgwgMYytw
@사무실-l9e,6,부상만... 딱 부상만 조심하자,4GNgwgMYytw
@rami4056,5,역활...ㅜㅜ,4GNgwgMYytw
@바랑보,4,제발 인성은 지 애비 닮지 말아야할텐데...,4GNgwgMYytw
@0beforesunrise0,3,역활 -> 역할,4GNgwgMYytw
@정호진-o5q,2,추신수처럼 롱런하자..,4GNgwgMYytw
@차르Tsar,2,제갈량....바람의 방향이 바뀌었다,4GNgwgMYytw
@user-fj1lx7zn7o,2,바람의손자   맞습니다   ....,4GNgwgMYytw
@changkina5498,2,역활...ㅋㅋ,4GNgwgMYytw
@이사용달_일육육팔_2682,1,자랑스럽습니다 👍,4GNgwgMYytw
@이자슥아-h4t,189,야오밍이 존경받는 이유지. Nba에서도 파울콜이 극단적으로 안불렸지만 크게 항의한적도 거의 없음. 야오밍은 진짜 인정함.,_d3JSdOO5p0
@태양의꿈,78,진짜 야오밍은 찐임...,_d3JSdOO5p0
@windflower6551,73,그래도 솔직하게 인정하는게 좋네 치졸하게 얍삽이 써놓고 아닌척 하는것 보다,_d3JSdOO5p0
@jonathanhan713,43,"그 당시 야오밍은 저렇게라도 안막으면 우리나라 선수중에 막을 사람이 아무도 없었음 ㅋㅋㅋ 
서장훈이 총대메고 최선을 다해 안막았음 우승이고 나발이고 중국한테 또 졌을거임;;",_d3JSdOO5p0
@냉장고에잠금장치,39,"서장훈선수 경기때 얼마나 당했으면
현역 시절땐 진짜 얼굴에 독기가
가득했음 그런데 지금은 너무 사람
좋고 온화함 그래서 나는 생활 스포츠는
좋아도 프로리그는 살벌하고 험해서
싫어함 비정해서 필요없음 팔아버리고.",_d3JSdOO5p0
@장호재-u2q,34,감사합니다   수고하셨습니다,_d3JSdOO5p0
@makhachevesong,24,중국에서 몇안되는 인정할만한 인물중 하나가 야오밍,_d3JSdOO5p0
@까만괭,21,야오밍은 인정이지,_d3JSdOO5p0
@tov6660,13,"90년대 농구장 가서 직접 본 기억으로
키 180대후반 농구선수한테
서장훈이 야오밍 같은 존재였죠
서장훈 키가 워낙 커서 일반 선수들은 상대가 안되었던",_d3JSdOO5p0
@user-is9ni7mf8f,13,저리 해놓고 그 경험을 삼아 하승진에게 비슷한 반칙을.........,_d3JSdOO5p0
@segonkim6659,12,야오밍 휴스턴 영구결번 아시아의 영웅임,_d3JSdOO5p0
@ZIHOOOON,7,경기스타일이 클린하지는 않았는데ㅋㅋㅋㅋ,_d3JSdOO5p0
@hithere7149,7,장훔이형 한번?? 아닐텐데 ㅋㅋㅋ시합 중에 하승진 뚜드러 팬 건 꿈에서 하셨나?? ㅋㅋㅋㅋ,_d3JSdOO5p0
@대한법률학원,6,허재와 장훈이 경기에서 늘 허재가 화냈지,_d3JSdOO5p0
@빠른피로회복,5,근데 생각해보면 서장훈 반칙 당할때 리액션은 크게해서 오바 쩌네~ 그런생각은 했을지언정 본인이 비매너 파울이나 심하게 한 파울은 거의 기억에 없고 못본것 같긴하네요,_d3JSdOO5p0
@s맨발이모르는걸제가,4,일본은 이치로 중국은 야오밍 한국은 이봉주,_d3JSdOO5p0
@sadcreep-,4,"그만큼 언터처블이었다는거지…대한민국은
그나마 천운인게 현주엽 서장훈이 현역으로 있던 시대라서 이긴거라고 봅니다. 다른세대 어느 듀오보다 서현듀오는 한국국대 최고라봅니다.",_d3JSdOO5p0
@튼실한방울뱀,3,야오밍의 대륙의 영웅임,_d3JSdOO5p0
@김광휘-v6y,3,야오밍이 국대 뛰면서 아시아팀에게 유일하게 진 경기,_d3JSdOO5p0
@홍해아-j3x,2,"연세대 시절 삼성 대선배 코트에 내팽겨 치는거 직관 했는데...
 백종원 처럼 포장 잘된 케이스 같단
저만의 생각",_d3JSdOO5p0
@eachsecond,106,안될놈은 안된다가 제목으로 적합,CNi38glrTlg
@맞춰다,99,결국 노골 ㅋㅋㅋㅋ ㅋㅋㅋㅋ ㅋㅋㅋㅋ,CNi38glrTlg
@DavidLee-no7kk,38,끝까지 안되네 ㅋㅋㅋ,CNi38glrTlg
@이동윤-r2s,37,"역시
안될놈은
안되는거임",CNi38glrTlg
@운곡-n4u,34,심지어 저것도 안들어가ㅠ,CNi38glrTlg
@권영식-y9c,12,"안들어갔네..ㅎㄷㄷ

내인생과같네 ㅜㅜ",CNi38glrTlg
@아름다운밤이예요-k8d,11,"대한민국의 T들은 위대하다
저건 노골이다
안되는놈은 절대로 안된다
꿈깨고 그냥 살아라",CNi38glrTlg
@본선구-i5f,9,손에 걸쳤기 때문에 노골입니다,CNi38glrTlg
@배불뚜기-007,8,아...노골이구나...불쌍타 ...,CNi38glrTlg
@제리제리-y2k,8,요즘기준이면 노골,CNi38glrTlg
@카미나리-t6t,6,ㅋㅋㅋㅋㅋ 노골,CNi38glrTlg
@김태우-i5y1r,6,노골ㅠ 역시  안되는건안데,CNi38glrTlg
@적과의동침-w3j,5,"아무리힘들어도 끝난건 끝난거야
헛된 희망가지지마",CNi38glrTlg
@YO-ne9yy,3,아  이거 노골이에요 ㅋ ㅋ,CNi38glrTlg
@surf4567,3,응 그래봤자 노골,CNi38glrTlg
@300Giranglah,2,달려들어야지....포기하지마,CNi38glrTlg
@서진박-h6o,2,승부차기 네요.,CNi38glrTlg
@song-te1kp,1,아무리 힘들어도 끝난게 끝난거야,CNi38glrTlg
@고구마-y7g,1,인!,CNi38glrTlg
@푸름이-y7i,1,"공이. 선. 안으로. 완전히. 넘어가야함
노골",CNi38glrTlg
@haib68,2268,권성욱 캐스터 진심 매번 경기전에 멘트하는거 하나하나 주옥같음 목소리도 좋고 너므 좋으심,yQCdXoNuCWU
@안동기-v9c,989,오프닝 멘트는 누가 뭐라 해도 권성욱 캐스터지... ㅈ 간지임...,yQCdXoNuCWU
@1분야구,874,"댓글보고 진짜 너무하다는 생각이든다..

고인이된 이두환 선수를 친구들이 잊지않기위한 마음일텐데, 그런 의미를 담았다는 영상에 조롱섞인 댓글은 수준 떨어진다고 느껴집니다",yQCdXoNuCWU
@심쿵심쿵_I.9.금_뉴언락,742,*권성욱 캐스터의 감동적인 멘트와 고인을 추모하는 진심이 가슴을 울립니다.*,yQCdXoNuCWU
@자두-e1c,547,"멘트 넘 좋다.. 피우지 못했다고 꽃이 아닌게 아니라니,,",yQCdXoNuCWU
@이름-x4s9b,306,아 황재균 모자에 DH 뭔지 했는데 이니셜이었구나... 멋지네,yQCdXoNuCWU
@ddghjjle,134,천개의 바람이라는 말에 이두환선수와 세월호 어린 친구들을 기리는 마음이 담겨있는 것 같아요.,yQCdXoNuCWU
@ehdrndla-c5d,95,경기날이 4/16 이었습니다. 이두환 선수 스토리와 세월호 스토리를 함께 녹여낸 오프닝,yQCdXoNuCWU
@Leah-yr9tq,88,향년 25세였네요ㅠㅠ 저세상에서 새로운 바람을 만나 활짝 피어났기를ㅠ,yQCdXoNuCWU
@hwjk.o2,61,이두환 선수. 잊지 않겠습니다. 😢,yQCdXoNuCWU
@user-ff7un8cy3w,44,이두환 선수 명복을빕니다 부디 그곳에선 편히 쉬세요,yQCdXoNuCWU
@dobingee,43,양현종은 사연을 들어서 알고 있었는데 우연히 황재균모자에도 dh적힌거 보고...설마? 했음...황재균 따뜻한 사람이었네,yQCdXoNuCWU
@름이-k6p,29,같이 프로 데뷔한 친구들은 자리를 잡고 각 팀의 주축 베테랑 선수가 되었는데 아직 25살에 멈춰있는… 만개하지 못한 재능아…,yQCdXoNuCWU
@user-xh7de1eu6i,21,댓글들 수준 진짜ㅋㅋㅋㅋㅋㅋㅋㅋ,yQCdXoNuCWU
@여름-y5m,11,권캐스터님은 이 멘트하나하나가 너무 주옥같음 진짜 좋다,yQCdXoNuCWU
@ongsimeongsime,7,너무너무 눈물이나...,yQCdXoNuCWU
@너에게가마나에게오라,6,천개의 바람... 40여년이 넘도록 처음 들어본 말이 마크툽의 노랫말인데 여기서도 듣네...,yQCdXoNuCWU
@김정민-s1h8j,5,멘트가 가슴을 울리네  우정영원하길,yQCdXoNuCWU
@LGTWINS팬이에요,4,삼가 고인의 명복을 빕니다,yQCdXoNuCWU
@김민성-z4t8p,4,아 DH가 그 뜻 이었구나 이때까지 지명타자 또는 이대호인줄,yQCdXoNuCWU
@프사끌릭ONFAN_I_9X_Dopamin,768,*아무리 강한 사람도 규칙은 지켜야 하죠.*,sv5j5_71mUc
@구구팔팔이삼사-g4i,113,역시 미국이다. 우리나라도 좀 배우자. 특히 판검사들아~퇴출될 인간들 안쥐~,sv5j5_71mUc
@yskim346,3,영상 씹 악의적이넼ㅋㅋㅋ 상대인 코스첵은 드럽게 싸우기로 유명했던 선수임. 저 니킥도 저 각도에서나 위험하게 보였지 다른 각도에서 찍힌거 보면 한참 멀어서 위험할거 하나도 없었는데 코스첵이 경기내내 이거 아이포크 아니냐고 어필함. 그리고 경기끝나고나서도 니가 아이포크했지만 응 내가 이겼쥬? 이런식으로 조롱질함. 그래서 빡돈 폴 데일리가 후드려깐거고. 폴 데일리가 잘못한건 맞지만 좀 제대로 된 올바른 정보를 전달해야지.,sv5j5_71mUc
@이오공-h3b,3,상해죄 구속 기소,sv5j5_71mUc
@odongye3309,1,1찍 같은 놈이네,sv5j5_71mUc
@꼬장중사,1,저런 흑인남자 복서 는 한국 와서 원어민 강사 하면서 교회 다니면 착해진다. 아름다운 다문화정책 과 다문화가정 완성 가즈아.,sv5j5_71mUc
@오멍셋,1,흑,sv5j5_71mUc
@huranriko,1,퇴출은 당연한거고 체포까지 했어야지,sv5j5_71mUc
@아조존덴버,1,범죄자네..,sv5j5_71mUc
@STOPTHESTEAL-s8p,1,믿고 거르는 블랙과 7시,sv5j5_71mUc
@hjj999,1,"전과자가   아닌가 ?
생각드는군...😮",sv5j5_71mUc
@bullykorean8745,1,"저런 자제력도 없는 쉐기가
뭔 격투기를 한다고 ㅉㅉ",sv5j5_71mUc
@kkomookim2535,1,저런 성질머리로 갈 곳은 뻔한데,sv5j5_71mUc
@다비드권,1,쓰레기네,sv5j5_71mUc
@sungkkn,1,재능이 뛰어나다한들 기본적인 스포츠멘쉽과 소양이 밑바닥이면 그건 그냥 주먹질좀하는 양아치일뿐이다.,sv5j5_71mUc
@강초보-i9m,0,판결 굿,sv5j5_71mUc
@별남이-m1z,0,살인자상임,sv5j5_71mUc
@아메리카노그란데,0,"개매너는.. 좀
진짜 이런건 데이나가 잘해",sv5j5_71mUc
@Eeeloo-x9t,0,흑,sv5j5_71mUc
@운성-u4p,0,역시 흑인,sv5j5_71mUc
@musikan18,101,천하무적 부~~웅~~신~~~,wD0jvW8KsY8
@han-i4h9g,68,"그것도 경험이 필요하단다...쟤는 저짓한걸 반성하는게 아니라, 저짓을 더 잘하려고 노력할듯...",wD0jvW8KsY8
@빅보스송신,49,ㅋㅌㅋ아시안게임 할때 생각나네 뭐였지 롤러스케이트 군면제 걸려있었는데 결승선 앞에서 세레머니하다가 역전패 당해서 팀원들 군대보낸 역적ㅋㅋㅋ 심지어 세레머니한 선수만 군필이었음,wD0jvW8KsY8
@Ronaleyde,48,와이~ 칠칠 맞네..,wD0jvW8KsY8
@주댕이는타이슨,44,상대를 얕보고 방심하는 순간 뒤처지는게 만고의 진리~,wD0jvW8KsY8
@chiro2560,33,"이런 짓 우리나라에서는
거의 매장.",wD0jvW8KsY8
@비켜라운명아-l8m,16,항상 겸손해야지 ~,wD0jvW8KsY8
@goraebabb,7,에라이~ CHILL CHILL 맞기는..,wD0jvW8KsY8
@야웨-d4e,4,건방을 떨면 안된다.,wD0jvW8KsY8
@kimkaphan3,4,반전이 나이네,wD0jvW8KsY8
@오광택-k8u,4,한국 롤러  생각나네.,wD0jvW8KsY8
@ehdtn22,3,이걸보면 뛰어난 재능보단 성실과 끈기가 더 절실하지 않을까 싶다.,wD0jvW8KsY8
@jaehohong4534,3,비용 신,wD0jvW8KsY8
@낙동강유역,2,스포츠를 하는 애들은 출석일수와 기본성적을 받아야 하는걸 본듯,wD0jvW8KsY8
@happyhan608,2,쌤통이다. ㅋㅋ😅,wD0jvW8KsY8
@kimchaehan3589,1,만약 여유부린거면 결승전에 다른선수들이 앞서가는걸 보면 서두르는 기색이 보여야될텐데 보고도 계속 천천히 뛴걸보면 일부러 떨어질려고 한거네 어떤 불만의 표시로,wD0jvW8KsY8
@gggggggggggggggggggg7-b5x,1,ㅋㅋㅋㅋㅋㅋㅋㅋㅋㅋㅋㅋㅋㅋㅋㅋㅋㅋㅋㅋㅋㅋㅋㅋ,wD0jvW8KsY8
@eugenel318,1,교만,wD0jvW8KsY8
@안효정-e3o,0,🎉끝날때까지 끝난게 아니다,wD0jvW8KsY8
@최프로-n1r,0,빨리 술 마시러 가야지 오케 고,wD0jvW8KsY8
