author,likeCount,text,videoId
@뽀시래기-h3l,96,굉장히 불쾌하네요!!ㅋㅋㅋㅋㅋ ㅋㅋㅋㅋㅋ,Vj4cr2Ijm6U
@도시락-b2m,14,ㅋㅋ 빵터졌다 ^^,Vj4cr2Ijm6U
@김성호-u6g,3,진짜 ㅈㄴ아름답다,Vj4cr2Ijm6U
@손지현-m4h,3,넘이뻐,Vj4cr2Ijm6U
@보노보노-m8g,3,희관이형...,Vj4cr2Ijm6U
@jonchoi20,3,아무런 생각없이 나온 행동 같은데....,Vj4cr2Ijm6U
@dy7287,2,난 설인아 욕먹는 영상인줄알고  깜놀 희관이가 욕먹는 영상이였구나,Vj4cr2Ijm6U
@aaa82925,2,그아인  이 보다 더 한 상황에서도 내 의지랑 상관없이 지 졷 대로 하는애라 ..ㅋㅋㅋ,Vj4cr2Ijm6U
@하클-f7n,2,시청자한테 사과해요 사과해 해명 영상 시급합니다ㅋㅋㅋ,Vj4cr2Ijm6U
@heesm7992,2,먼 상상을 했길래 바지가 낑기냐 ㅋㅋㅋ,Vj4cr2Ijm6U
@권기명-y8s,1,'아니  시구 훌륭한데....?!' 하고 생각하는 순간 등장하는 유랑우탄 한 마리.,Vj4cr2Ijm6U
@조성용-d4m,1,나니?😊,Vj4cr2Ijm6U
@michaelcho804,1,희관이 매운고추 왜 만져,Vj4cr2Ijm6U
@ksi2123,1,설인아면 이해하지....남자네 유씨,Vj4cr2Ijm6U
@김김승원-x7f,1,시속이 비슷해보이네..,Vj4cr2Ijm6U
@우하하-l3n,1,스모선수네..ㅋㅋㅋㅋㅋ,Vj4cr2Ijm6U
@류키-b4i,1,참 어그로가ㅋㅋ,Vj4cr2Ijm6U
@홍성현-g3z,1,유모씨ㅋㅋㅋ,Vj4cr2Ijm6U
@kang41279,1,가운데를 시도 때도  없이 세우면 되겄냐 이긋아,Vj4cr2Ijm6U
@김별짱-x9r,1,희관이 반응 빨리오네~~어떻게~형이 좀 빼주랴?😂,Vj4cr2Ijm6U
@sjy231,753,팔의 힘으로 던지는 것이 아니라 그냥 팔을 도구로 삼아 던지는 거였네??,UQu-gBTPGkA
@non-zc1eg,223,3루수 어깨 미쳤네  진짜,UQu-gBTPGkA
@리다메박,143,채찍처럼 휘둘러야하기때문에 팔꿈치 진짜 말그대로 갈림,UQu-gBTPGkA
@PieCream-s6r,30,야수 보여주다 갑자기 왜 투수?,UQu-gBTPGkA
@문성준-g8r,21,돈을 마니 벌쟌아,UQu-gBTPGkA
@박성민-w5l,9,슬로우로 보니까 투수들 대단하네 ..,UQu-gBTPGkA
@놀러와_l9보러_s5U4,8,ㄷㄷ 짐승거인 진짜 미쳤다 ㅋㅋ,UQu-gBTPGkA
@9999k-i3y,8,팔이 채찍같네..ㄷㄷ,UQu-gBTPGkA
@user-qy8gg4di6l,7,저 폼이 팔을 저렇게 만든 갑니다. 슬라이더 폼이라고 하는데요! 커브를 던지기 아주 편한 자세이지만 몸에게는 굉장히 악영향을 끼치는 자세죠. 근데 이방법만 저렇게 꺾어서 빠르게 던지려는거지 원래는 안그럽니다. 영상 다시만들어야할듯요,UQu-gBTPGkA
@채널-c9b,7,모든 운동선수들은 인간이 평생써야할  관절을 짤은시간에 써버리지.그덕에 나도 무릎이랑 허리가...  돈이라도 많이 벌엇으면. 내자식은 운동 안시킨다,UQu-gBTPGkA
@changhyun10,6,야수랑 투수의 차이를 모르나?,UQu-gBTPGkA
@쌤쏭-n2b,5,어릴때 애들이랑 야구 많이했는데 어느 순간부터 공 좀만 던져도 팔꿈치가 아프더라 모든 스포츠는 진짜 몸 관리 잘해야함..,UQu-gBTPGkA
@삐딱2,4,3루수 영상 진짜 엄청나네. 그부분만  계속 돌려봤네.,UQu-gBTPGkA
@badasky-v9f,2,와~~   팔이 ㅜㅜ😢😢😢,UQu-gBTPGkA
@김모군-e4p,2,저래서 나선형 골절이 일어나기도 합니다...,UQu-gBTPGkA
@Virealis,1,은퇴하면 통증의연속~~무엇이든 직업병이 없을순 없으니,UQu-gBTPGkA
@lpnnii,1,팔이 무슨 채찍 마냥 감기네 ㄷㄷㄷ,UQu-gBTPGkA
@강푼나-r8z,1,마차도 역시 멋짐❤,UQu-gBTPGkA
@Wooooobatman,1,야구가 ㅈㄴ 쉽다고 레져라고 하는사람들은 진짜 야구 해봐야 정신차림. 모든스포츠가 마찬가지겠지만 야구도 몸 어마어마하게 갈아 넣어야됨. 결코 쉬운게 아님. 진심 일반인들 펑고 15분?만 시켜도 탈진해서 나가 떨어질듯,UQu-gBTPGkA
@kiyoungmoon4366,1,특히  입에 마우스피스는 꼭!  물고 있어야 합니다.,UQu-gBTPGkA
@앙뜨레몽,44,이 수비장면은 정말 최고다.,CCtdzsPpTl8
@sewonlee5373,37,이정후가 잘하니 하루가 즐겁네.  스포츠의 매력 그리고 힘을 실감하고 있네요.,CCtdzsPpTl8
@황좌동,12,야구 본토에서  진짜 진가를 보이네 대단하다! 🎉🎉,CCtdzsPpTl8
@방지턱과속-q3c,9,나이스 캐치 예술이다 이렇게 아름다울수가...,CCtdzsPpTl8
@l9많다_냬챼녈에_s28RqY,7,ㄹㅇ 투수가 든든하면 승리도 든든하겠다 ㅋㅋ,CCtdzsPpTl8
@SimTheBe,6,바람의 손자 아니랄까봐... 공하고 같이 달린다~,CCtdzsPpTl8
@김래승-t4q,4,정후 최고 ㅋㅋ,CCtdzsPpTl8
@정태권-v1f,3,부상당하지말고 정후야 건강하게 메이저 잡자,CCtdzsPpTl8
@하루-t9t3i,3,메이저리그 없었으면 우짤뻔했나 어지러운 시국에 위안이 좀 되네,CCtdzsPpTl8
@jariamaria116,2,한국 제일의 선수인데 이 정도야.,CCtdzsPpTl8
@환진강,2,놀라운 속도 대단한 집중력 프로란? 하루가 기다러집니다,CCtdzsPpTl8
@이동호-b1g,2,이열..이건멋지네,CCtdzsPpTl8
@brownjung7970,2,대단하다말 말이외는... ❤,CCtdzsPpTl8
@연선김-w5j,2,웃을 일 없는데 정후님  때문에  힘나요😅,CCtdzsPpTl8
@jongkunko7794,2,미쳤다  이걸 잡다니,CCtdzsPpTl8
@임성현-h6v,1,다치지 말고 거기서 롱런하자,CCtdzsPpTl8
@스파꾸요,1,이렇게 잘할줄 알았으면 왼손타자 말고 오른쪽타자로 쳤으면 홈런도 2배이상 잘하면 3배 더 나왔을텐데 아깝네요,CCtdzsPpTl8
@문종광-d3e,1,이정후 선수는 시간이 좀더흐른후 명선수가될것으로 본다  대단합니다,CCtdzsPpTl8
@뀨뀨-s4r,1,다치지 말고 오래 오래 선수하기를,CCtdzsPpTl8
@seayou2782,1,뭐라 말할 수 없는 감동!!,CCtdzsPpTl8
@수괴윤석열,1,뭐야 맨발이네,ikgVBNQdbd8
@남형-h2n,1,교만은패망의선봉이다거만한자는넘짐의앞잡이다❤,ikgVBNQdbd8
@cdgeusa,1,그당시 효도르도 인정했던 유일한 파이터 헌터형에 대해서 제대로 모르던 시절 21년 전 영상이네..,ikgVBNQdbd8
@천지수-z4t,1,제롬느벤너. 무왕의 제왕. 경기가 화끈하고 재밌었지. 유리턱이어서 맷집이 없어 지는 경기가 종종있었지.,ikgVBNQdbd8
@자유정의-w2d,1,영원한 강쟈 절대 강자는 존재하지 않는다..,ikgVBNQdbd8
@쥬-q1o,0,아~~이래서 싸움할 때 보면 남자들이 턱주가리~날리라고 말하는 이유를🤭,ikgVBNQdbd8
@김종필-w2t,0,쌤통이다,ikgVBNQdbd8
@jinhorho2654,0,까비 막타 치고 수펄 네쎄써리 햇어야지,ikgVBNQdbd8
@규석이-d5q,0,마크헌터를 보고싶다.,ikgVBNQdbd8
@아칸-f1s,0,헌트선수 빡치니 핵펀치 나가네,ikgVBNQdbd8
@슬로우라이프-x2w,0,헌트영 무서운 사람임,ikgVBNQdbd8
@현빈-s4h,0,마크헌트 레이세포 노마크 접전은 예술이었다.,ikgVBNQdbd8
@한국베트남국제결혼,0,ㅃᆢㄱ뻑소리가 들리네 옥수수 강탈,ikgVBNQdbd8
@seonhocha5611,0,저런 거구도 턱을 쳐맞으면 가는구나,ikgVBNQdbd8
@백실장-p5q,0,저때가 K1 시절임?? 아주 제데로 잼있었는데 제롬은 유리턱으로 나락갓던때엿고. 격투기 K1 시절이 잼있엇음,ikgVBNQdbd8
@user-llllllllllllllll,0,격투기도 저시절이 재미있었음  K1 프라이드,ikgVBNQdbd8
@JJ-rj5jp,0,마크도 한주먹에 갔찌..... 이세상에 영원한건 없어.. 나이들면 다 간다....다이다이다이,ikgVBNQdbd8
@윤굴이따라다,0,상대는 차지철,ikgVBNQdbd8
@개비옥,0,제롬 만큼 찰지게 맞는 형 없음.,ikgVBNQdbd8
@jtackhan2166,0,헌터한테 연타걸리면 끝 ^^,ikgVBNQdbd8
@클릭_I9X_온팬_프리미엄,816,*예상치 못한 전개가 야구의 묘미를 잘 보여주네요!*,zgKgLYN_KOE
@lovesail2664,261,그냥 운동능력 좋아서 기계적인 플레이로  잘하는 선수들이 있지만  진짜 잘하는 선수들은 미세한 룰까지 이용해서 게임함..,zgKgLYN_KOE
@탕탕-bsg,37,와.. 저게 되는구나.. 야구를 지금까지 봤지만.. 이건 처음보네...,zgKgLYN_KOE
@antoni2807,26,1루 밟은후면 2루로 방향을 트는 순간 베이스에서 발때는 순간 아웃시킬수 있음 인플레이 상황이 됩니다,zgKgLYN_KOE
@joyfulsprint,18,그니까 볼넷으로 인한 1루 진출은  1루까지는 아웃을 못시키는 안타를 친것과 같다는 얘기인거죠?,zgKgLYN_KOE
@yjljami7850,17,1루 걸어나다 베이스 밟으면  그때부터 인플레이 상황임... 투수  당연히 견제 했어야 했다....,zgKgLYN_KOE
@dong-hyukshin4340,13,경기에 집중을 해야지~,zgKgLYN_KOE
@iuaena_I-KE,6,한마디로 걍 자연스럽게 도루한거임,zgKgLYN_KOE
@mmm-rc2hb,5,성빈아 알겠지 ?,zgKgLYN_KOE
@유비-t5h,5,처음 봤네요 아~~이렇게도 하는가 보네요,zgKgLYN_KOE
@JJY-r9t,4,크보에서 일어났으면 또 크보수준  이게 한국의 현실  레저스포츠  저게 스포츠냐 뭐냐 이러면서 조롱거릴 영상인데 메이저에서 나오니까 반응 다른게 그저 웃음벨 ㅋㅋㅋㅋㅋㅋㅋㅋ,zgKgLYN_KOE
@TV-to5lr,3,쉽게 설명하면 주자만 자동 진루권이 주어져서  2루에 주자가 있을 경우 볼넷 상황시 도루하는 경우가 있죠,zgKgLYN_KOE
@RushandCash777,3,다음 타석에 빈볼 맞겠네,zgKgLYN_KOE
@jhlee795,3,크보 였으면 4심 모이고 존나 논의 한(척) 끝에  '응 1루로 돌아가' 엔딩ㅋㅋ,zgKgLYN_KOE
@wotmdekd,2,롯팬:황성빈이 이런플레이 한번 보여줄거같다 ㅎㅎㅎ,zgKgLYN_KOE
@크크악,2,경기중에 방심하는게 바보지 ㅋㅋ,zgKgLYN_KOE
@sayalee7826,2,볼넷이 인플레인지 첨 알았네,zgKgLYN_KOE
@하늘빛옥션,2,와 이건 센스다!!!,zgKgLYN_KOE
@newwhite,2,갑자기 이효리가 생각나네 😊,zgKgLYN_KOE
@타임패스,2,야구는 진짜 집중의 스포츠,zgKgLYN_KOE
@천공-i3q,1,이런재미징 팬들은 요런거에 즐기는거징 정후눈엔 다보여 난 살아나갈거야 ㅎㅎ,tmst-_KJDAM
@Smartcn-w9m,1,센스 머냐,tmst-_KJDAM
@louiou-1004,1,이치로 대기록 깨보자....가즈~~~~~~,tmst-_KJDAM
@sungzzang1172,1,아둔한 노랑머리..저게 지들한텐 자존심일지 몰라도 수비 쉬프트 한 곳으로 쳐주는 바보가 더 이상 야구를 한다는게 우스운거지...,tmst-_KJDAM
@zgkjo,1,번트 2루타 나왔음 투수 꿈에 나올수도 있었는데ㅋㅋㅋ,tmst-_KJDAM
@박은숙-x7h,0,니 아버지가 누구시냐❤,tmst-_KJDAM
@kwy1356,0,투수벙찐것도 웃김 ㅋㅋㅋ,tmst-_KJDAM
@someday2270,0,이치로 선수 반 만이라도 해봐라,tmst-_KJDAM
@달료달료막달료,0,근데 그냥뒀으면 파울아닌가요? 나갈것같기도헌데,tmst-_KJDAM
@최락현-r1p,0,팬들이 개좋아할 플레이다,tmst-_KJDAM
@킹콩-m4l,0,천.    재,tmst-_KJDAM
@쥴리의기둥서방,0,정후는 야구 지능이..  대단합니다 몸건강히 오래오래 야구할수있도록 기도합니다🎉,tmst-_KJDAM
@ajiya1001,0,KBO에서는 흔한일이라서 뭐 그닥....  미쿡인들은 좀 당황(황당)하긴 했겠네..ㅋㅋ,tmst-_KJDAM
@엄마-h3h,0,걍 후추대엽,tmst-_KJDAM
@비둘기대가리빠는소리,0,번트 저렇게 하라해도 못한다. 대단한거임,tmst-_KJDAM
@칼국수61,0,이런걸 살면서 몇번이나 보것냐 ~ 잘했다,tmst-_KJDAM
@lrulove8000,0,센스지린다,tmst-_KJDAM
@김광현-w8z,0,초등학교때 1박2일에 나왔을때 아빠보다 더 큰선수가 될 자신이 있다고 했었는데 그때 아빠보다 잘하는건 불가능할거라고 생각했는데 정말 아빠를 뛰어넘네요.,tmst-_KJDAM
@남자박태룡,0,ㅋㅋ 상대 투수 표정이  어  모야  ㅋㅋ,tmst-_KJDAM
@bongbong4468,0,정후가 잘하지만 mlb는 호락한곳이 아님 박병호도 시즌 초반만 잘하고  나중에 공략당해서 말아먹음,tmst-_KJDAM
@클릭_I9X_땔감헌터_X1O1,1185,*반칙은 위반이지만  종종 가장 창의적인 순간이기도 하죠! ⚽️🔥*,sDMmeUeKR3Q
@집트레칭,505,네이마르는 맞을짓을 많이하고 비니시우스는 욕먹을짓을 많이함,sDMmeUeKR3Q
@페더엘리어스,315,지뉴는 진짜 몰랐을 수도 있어.. 음바페는 상대 키퍼가 실수한거임,sDMmeUeKR3Q
@spo_shorts,210,골킥 차려는데 훔치는건 좀....😂,sDMmeUeKR3Q
@Ddong_Ssasyo11,79,음바페가 뺐은거는 반칙 아님 ㅋ,sDMmeUeKR3Q
@GGGG-u8d9n,77,음바페 빼고 다 파울임,sDMmeUeKR3Q
@I9딸Q야뎡r5볼래x,42,ㄷㄷㄷ 지금이니! 아이니! 🔥🔥ㄷㄷㄷ,sDMmeUeKR3Q
@하늘다람쥐-100Q,35,공이 지면에 닿았으면 뺏을수 있고 아니면 공 공중에 체류되어 있으면 반칙임,sDMmeUeKR3Q
@BabyPiggg,12,저런건 반칙으로 금지해야하지 않나 너무 비매너 같은데,sDMmeUeKR3Q
@helloimwony,6,다크사이트가 킥이네 ㅋㅋㅋㅋㅋ,sDMmeUeKR3Q
@김형민-d6w,5,근데 축구를 안보는데 궁금한게 있는데  오프사이드는 왜 있는 규칙임? 그냥 골 넣으면 넣은거지 그냥 그럼 전략적으로 수비수들 골대근처에 안 있고 먹힐거 같으면 모두다 상대진영 빤스런치면 절대 골 안먹히는거 아님? 뭔 규칙임 대체?,sDMmeUeKR3Q
@호롤룰루-n2z,3,5년 늙어버린 호날둨ㅋㅋㅋ,sDMmeUeKR3Q
@plusj3003,2,저거 공뺏는다리랑 같이 차버리면됌 카드안받음,sDMmeUeKR3Q
@Hunnthtr,2,본인 팀도 모르게 하네 이게 ㄹㅇ 크렉이지,sDMmeUeKR3Q
@찢칠라-e5f,2,ㅈㄴ비매너다ㅋㅋ,sDMmeUeKR3Q
@Bubblebubble.-0-,2,키퍼 몸에서 공떨어진걸 건드는게 반칙이야?,sDMmeUeKR3Q
@수철이-v9c,2,반칙인거 알면서 도대체 왜그러는거지??,sDMmeUeKR3Q
@김형준-p9s,1,네이마르 지뉴는 반칙인 이유 골퍼가 손으로 들고있다면 골퍼 소유 공판정이라 땅에 공이 닿기전까진  누구도 건들수없음  음바페는 반칙아닌 이유 골키퍼의 손에서 공이 땅바닥으로 내려온순간 골키퍼의 소유판정이 사라짐 일반 필드공취급,sDMmeUeKR3Q
@ejune6829,1,이냐키는 몸개그하냐? ㅋㅋㅋㅋ,sDMmeUeKR3Q
@인생-e1e,0,가정교육 못받앗네,sDMmeUeKR3Q
@신은,471,찐장인은 도구 상관없구나,ccy3Km6kHO4
@koasaezle,142,네. 정말 대다나네요.,ccy3Km6kHO4
@Upoulmoo,65,보드로 저렇게 하는 것도 선수가 있네..,ccy3Km6kHO4
@세구라이드,42,보드 개작아 보이는데ㄷㄷ 쩐다,ccy3Km6kHO4
@l9많다_냬챼녈에_s28RqY,11,와~ ㄷㄷ 대단하다~!,ccy3Km6kHO4
@GIYEONGYOON,11,좋아요작 얼마임 ?,ccy3Km6kHO4
@최민호-n5r,8,저 다른선수 보드도 부쉈으면 ㅋㅋㅋㅋㅋ,ccy3Km6kHO4
@정호-z3y,7,베리얼 힐플립 와 감탄밖에,ccy3Km6kHO4
@CHILL_GUY칠가이,3,좋아요 봇 수준 ㅉㅉ,ccy3Km6kHO4
@joshuabhoul2016,2,도전 안외쳐서 무효,ccy3Km6kHO4
@민하윤-o3z,1,정말 잘 퍼오네요,ccy3Km6kHO4
@aaae3iror,1,이딴것도 대회가있나,ccy3Km6kHO4
@임건우-ghimdm,1,좋아요 봇,ccy3Km6kHO4
@명호최-b3o,1,막판에는 그냥 중심 잘못잡아서 넘어지려고 하는거 아님?,ccy3Km6kHO4
@edinahn9165,1,표절은 나쁜거죠,ccy3Km6kHO4
@MK-zp7mu,0,양산형,ccy3Km6kHO4
@sSam_ii221,0,🐕 💕 🐶 ⏪️ 🐩 ⏩️ 🐕 💕 🐶 ⏪️ 🎉,ccy3Km6kHO4
@고만해라자슥아,0,아니 이영상 하나로 얼마나 많은 양산형이 쓰는건데,ccy3Km6kHO4
@z.d.a4451,0,근데 프론데 예비 보드도 안들고다니나요? 길거리도 아니고 대회인데..,ccy3Km6kHO4
@매이즈,0,보드 종류가 다른거 아님? 넘 작은거 같은데,ccy3Km6kHO4
@ruuu-uj9eg,10,저 자리에서는 서로가 적이지만 상대쪽도 자신과 마찬가지로 저 자리에 오기까지 몇년을 노력을 했을텐데 컨디션 문제로 경기 포기하게 되는게 얼마나 허무하고 자신한테 화가 날까 ..  공감이 되는거임  안타깝도 남일같지 않고 상대를 이해하고  존중할줄 아는  인성훌륭한 선수네요,IOpLF-s0jiM
@Qa-mv6wn,3,눈물이아니라 땀입니다.,IOpLF-s0jiM
@syeee3965,2,와      배드민턴      격투기 라고 봐야 함.  사람만 안패는 거지.  쳐도 잘 날아가지 않는 셔틀콕을 때려서  점수를 내야 함.,IOpLF-s0jiM
@Thowrong1010,2,안세영 선수좀 배트민턴 협회랑 요새는 어떤가요.. 배협의 부당대우에 대해 잠깐 반짝하고 요새는 조용한거같아서 ㅠ .. 안세영 선수에대한 처우가 많이 개선됫길 바라겟습니다!,IOpLF-s0jiM
@catherinel9372,2,아웅....ㅠㅠ,IOpLF-s0jiM
@별잇지,2,안세영 당신을 응원합니다..❤❤❤,IOpLF-s0jiM
@부활-i4t,2,국보다..,IOpLF-s0jiM
@hyeinc.3872,1,오우 착해 😊,IOpLF-s0jiM
@shlee147,1,안세영 선수 화이팅~ 항상 응원합니다,IOpLF-s0jiM
@空-q5r,1,안세영선수! 스포츠맨쉽 갑!  미래의 IOC위원장🎉🎉🎉,IOpLF-s0jiM
@최경성-u4b,1,여제의 품격 !,IOpLF-s0jiM
@Hahahoho-x4y,1,눈물나네ㅠ,IOpLF-s0jiM
@한국-e9j,1,우리나라 운동 협회다없애함,IOpLF-s0jiM
@강호-f6e,1,"역지사지" 대표적 영상 이네요. 👏 👏,IOpLF-s0jiM
@이윤성-c9z-o8f,1,땀 닦는데요,IOpLF-s0jiM
@루피-i7j,1,😊😊😊😊😊❤,IOpLF-s0jiM
@lee-yb8zb,1,안선수 참 매너 좋고 인간적이시네요 팬입니다❤,IOpLF-s0jiM
@이름없우,1,땀 닦는것 같은데,IOpLF-s0jiM
@austin1957,1,김연아 보유국에서 이제는 안세영 보유국이라는 이름이 더욱 만아지는중...,IOpLF-s0jiM
@김승조,1,눈물을 흘린게 아니라 땀 닦는거였음 다른 각도에서 촬영한것도 보았음 국뽕유도좀 그만합시다. 이런영상 중국놈들과 다를게 머가 있냐? 아무리 영상수익이 우선이라지만 최소한 거짓은 없어야지 한심하다 한심해,IOpLF-s0jiM
@아옹아옹,1,연아랑 있는 아가 차준환 넘 귀요미 헤메코 머니~~찰떡 애기왕자님😊,sxtmnLpqRzI
@엣헴엣헴-m1z,1,장래 문체부 장관 함 해야한다. 지금은 쓰레기들이 장관을 처묵처묵하느라 온통 난리중.,sxtmnLpqRzI
@버스기사이종구,1,꼴깝떨고 있네~~그럼 세무조사하자,sxtmnLpqRzI
@태스형-z6p,1,김연아  진짜 제수다. 꺼져라,sxtmnLpqRzI
@도레미-n5i,1,김연아를 욕하는 사람이있어? ㅋㅋㅋㅋ,sxtmnLpqRzI
@user-y7c9x,1,체육계가 썩어있는것이 어제 오늘 일이가 ,sxtmnLpqRzI
@Ruina1-j1y,1,역시 스포츠연맹이 재대로 된 곳이 없구나...,sxtmnLpqRzI
@페기구나,1,이런 애국자를 좌파라고 욕 하던 2찍 극우세키들ㅜㅜ 빙신연맹도 골때리네,sxtmnLpqRzI
@남.김형국,0,연아🎉🎉🎉🎉🎉,sxtmnLpqRzI
@이미경-x2j,0,연아님은 진정한 여왕이십니다😅,sxtmnLpqRzI
@hi_haha_day,0,누가 우리 연아를 욕했어?!!!!,sxtmnLpqRzI
@최형사-h2g-n7l,0,여왕이며 영웅이지.,sxtmnLpqRzI
@오경훈-o9e,0,연아가 그냥 대한피겨협회지.,sxtmnLpqRzI
@사량-y8w,0,빙산ㅇ연맹 이도둑놈들이네 상금은 선수가 가져가야지,sxtmnLpqRzI
@지식공유방송,0,좌파 선수나 연예인은 그냥 조용히 사는게  낫지 싶다. 대한민국은 자유민주주의 자본주의의 나라다.,sxtmnLpqRzI
@호이요이-u3v,0,헙회 연맹 싹다 해체해라,sxtmnLpqRzI
@堂狗風月-w3x,0,아무리 빨아줘도 인성은 안 변한다. 지가 좌파라고 일국의 대통령 손 뿌리치던 장면은 평생을 가도  없어 지지 않지.,sxtmnLpqRzI
@김기준-c2v,0,김연아돈돈돈30%프로를갈취한ㆍ강도수준이내,sxtmnLpqRzI
@pandagomi-1,0,여왕님...,sxtmnLpqRzI
@seobro1,0,저런연맹은 있는게 독이네,sxtmnLpqRzI
@도마뱀킬러,9,손흥민의 인생은 전설인거같아요,walbsOgceuw
@Ja47.46,9,혹시라도 우리 흥민이형이 우승컵을 든다면 다시 한번 만들어주세요…!,walbsOgceuw
@Dkekndsjd2p,5,푸스카스상 수상 라임 개쩌는데ㅋㅋㅋㅋ,walbsOgceuw
@dwj8813,4,혹시 프로미스나인 컴백했을 때 송하영으로 만들어주실 수 있나요오😢,walbsOgceuw
@Robert_Lewandowski09,3,이건 뭔 엄마뒤진감성이노,walbsOgceuw
@성진우국가권력급,3,역시 흥민이 형이다 역시 잘생겼다니까,walbsOgceuw
@대구deagu,3,'푸스카스'수상  발음 좋다,walbsOgceuw
@윤민주-t8m,2,4시에 유니폼 어깨부분에 일본국기가...,walbsOgceuw
@민트초코-c6e,2,손흥민 은레전드다,walbsOgceuw
@sane4335,2,제발 이번에 우승가자!,walbsOgceuw
@쇼츠_카,2,푸스카'스 상' '수상' 지렸다 ㅋㅋ,walbsOgceuw
@SUT-UP,2,지브리 스타일,walbsOgceuw
@보라-e8v,2,이제 끝났는데..,walbsOgceuw
@ha-bbang,2,이젠 ai로 못 만드는게 없는 시대구나 무섭다 무서워,walbsOgceuw
@Gombo-8867,1,앙고 ㅇㄷ?,walbsOgceuw
@hanurm,1,Mr.beast: 자 오늘은 하루만에 손흥민이 되어보겠습니다!!!,walbsOgceuw
@OliviaCarolinee,1,Whoa  this is next-level! 🤩😲I can't stop watching this! 🔥🔥🔥,walbsOgceuw
@진짜-k6u,1,타이거Jk같다,walbsOgceuw
@あけあけのすけ,1,저스디스인줄,walbsOgceuw
@깜이아빠-v9n,1,신고해야겠더 못봐주겠누,walbsOgceuw
@woowy-k1q,1788,키움이 괜히 포카리 드립이 나오는게 아님,aZb5kA0Zd0E
@norunoru7739,1013,진짜 순진해서 가슴이 아픔..ㅋㅋ,aZb5kA0Zd0E
@NEW_I9X_티슐랭_프리미엄,914,*키움  진정한 팀 소속감의 상징! 🧥🔥*,aZb5kA0Zd0E
@tohoshinki7184,713,우리 째강 신재영이 어린마음에 그 롱패딩이 얼마나 가지고 싶었을까…단순히 옷 욕심이 아니라 팀에대한 소속감이 절실했을거같다…,aZb5kA0Zd0E
@브르흐라드,413,야구선수 의외로 순진한 구석이 있네,aZb5kA0Zd0E
@tohoshinki7184,365,옷에대함 욕심보다 팀에 대한 소속감이 더 절실했겠지,aZb5kA0Zd0E
@이명훈-t1e,238,신재영 내가 오랜 넥센팬으로 좋아하는 투수중에 한명이였지만 홈런을 뚜드려맞을때 한숨을쉬었지만 그래도 선수로서 얼마나 힘들었을지 생각을해보면 욕했던게 너무 미안하네..ㅜㅜ,aZb5kA0Zd0E
@12qwrasr,181,유희관 개웃기네 ㅋㅋㅋㅋㅋㅋ,aZb5kA0Zd0E
@Pacifista-ISO,91,신재영 정도면 잘 했지 키움에서 .. 지금 하영민  조영건 이런 애들 보면 그냥 ; 쟤네는 어떻게 아직도 1군에 있고  왜 은퇴 안하나 이런생각 듦 ;,aZb5kA0Zd0E
@Eearth-o4l,43,팀컬러 확실하네 ㅋㅋㅋㅋ,aZb5kA0Zd0E
@호로록-u8f,35,ㅅㅂ 연봉협상할때 옵션 이야기하지 언제 이야기하냐ㅋㅋㅋㅋㅋㅋㅋㅋㅋ,aZb5kA0Zd0E
@Theredartillery,33,진짜너무 기엽다,aZb5kA0Zd0E
@흐-f1l,24,저 롱패딩 중고나라 80넘음ㅋㅋ,aZb5kA0Zd0E
@urnon_E,22,옵션으로 포카리 무제한을 걸었어야지,aZb5kA0Zd0E
@이슨-e7l,6,공놀이해서 2500 받는애들 수두룩 하고 남들놀때 공부하던애들도 3000밑으로 받는애들 수두룩함,aZb5kA0Zd0E
@마빈,5,학창시절 남들놀때 일해서 좋은대학가도 연봉오천에 허덕이는데 공놀이하던애들이 1억은 받아야한다?ㅋㅋ,aZb5kA0Zd0E
@Flysky8282,2,키움 선수들은 거의 다 소탈함 연령대도 어리고,aZb5kA0Zd0E
@who139,2,롱패딩 정보점 ㅠ,aZb5kA0Zd0E
@Deggyyf-t9f,1,야구선수들 연봉은 진짜 별로 안 높네 ㅋㅋㅋㅋ 그레서 FA때 대박만 노리는듯,aZb5kA0Zd0E
@뿌셔뿌셔-e4j,1,존나못햇던거만 기억남,aZb5kA0Zd0E
@ppotto2,6,최희암 감독이 그랬었나? 생산성 없는 공놀이나 하는 선수들이 연봉을 받는 이유는 팬들이 좋아해주기 때문이라고,22V0ehAJUok
@area51k,5,1) 키움에서 뛰었던 에디슨 러셀  ❤ 2) 샌프란시스코 자이언츠 투수 저스틴 벌렌더의 부인인 모델 케이트 업튼😊❤,22V0ehAJUok
@i9꾤리는X야뎡Xjs2,2,한국야구는 선수가 왕이지! 팬이요? 을이예요 ㅋㅋ,22V0ehAJUok
@jbaek9329,1,첫짤 같은 걸로 직접 가져다주면서 헤헤 수줍어 하는거 웃기네 ㅋㅋㅋ,22V0ehAJUok
@GV70_01,1,케이트 업튼 아니여?,22V0ehAJUok
@jbi505,1,저런 경험하면 평생팬 되는거지  운동만 잘 하는게 아니라 팬관리도 프로의 몫임,22V0ehAJUok
@여러분행복하세요,1,어린 여자애 웃참하는거 왜케 웃기냐 ㅋㅋㅋ,22V0ehAJUok
@hyper-underscore,1,저 27번 선수 키움에서도 뛰었던 에디슨 러셀이네 ㅎㅎ 그 다음은 저스틴 벌렌더 의 부인이 된 케이트 업튼 ㅎㅎㅎ,22V0ehAJUok
@중년기사김봉식-e4t,1,우리나라 선수들 보고 배워주세요♥♥♥♥♥,22V0ehAJUok
@썬더-s2r,1,ㅎ.. 👍,22V0ehAJUok
@제은김-k6o,1,오마이갓 😢,22V0ehAJUok
@강숙-h9w,0,역시 갓양남ㆍ 이벤트도 좋고 근데 조선ㄴ들은 이벤트라고 딴따라 레깅스 입고  시구하고 사인은 비싼값에 ㆍㆍㆍ ㄹ뚱은 도망가고,22V0ehAJUok
@뽀로로-s2o,0,국대가 외국가서 술쳐먹고 하는경기..  "저리가라 이새끼야"... 생각나네.. ㅋㅋㅋㅋ,22V0ehAJUok
@NEOGEOMCHANG,0,팬이 없으면 그냥 공놀이 잘하는 아저씨일 뿐이지,22V0ehAJUok
@병팔이-g5c,0,여유가 느껴집니다,22V0ehAJUok
@byungari_niaeme,0,뺙,22V0ehAJUok
@김정식-t4g,0,한국선수들한테. 절대 못볼 장면이네,22V0ehAJUok
@떡상-u1r,0,너무 훈훈하네,22V0ehAJUok
@남김용재-f9q,0,우리나라도..좀. 본받야할점 입니다 ㅋㅋㅋ,22V0ehAJUok
@음바페우승하자2026,0,😮,22V0ehAJUok
@jhdexdsdggy7528,2,하수: 호날두도 이제 양보를 잘 하는구나ㅠ  고수: 호날두 메시 어시기록까지 노리냐?..,C2czxBoubkk
@아기-h3u,2,호날두가 나이가 진짜 많긴함 이준석이랑 동갑이던데.. 근데도 여전히 저 꾸준함 크으,C2czxBoubkk
@애묘가-z6q,1,날두 백살 넘게 살수있을까? 급 궁금해짐😂,C2czxBoubkk
@칠성암바사,1,철 들었두?,C2czxBoubkk
@김동현-u6j,1,양보두 그는 도덕책...,C2czxBoubkk
@Jay-g8n5b,1,패스하는거까진 그런가보다 했는데 프리킥 양보하는거보고 깜짝 놀랐네 우리형 늙긴 늙었네 ㅠ,C2czxBoubkk
@canalee6374,1,두라나~~ 두라나~~~  호 나알 두라나~~~~~ 언제까지 할꺼냐????,C2czxBoubkk
@트리플크라운-i6w,1,저경기 라이브로봤는데 후반전에 호날두가 미친듯이 골넣으라고 밀어줬는데 듀란이4골은날려먹음 그것도후반에만 ㅋㅋㅋㅋ,C2czxBoubkk
@Ajjwiw,1,흑인,C2czxBoubkk
@표범-n5l,0,아내가 아니라 여자친구,C2czxBoubkk
@Lee-vj5ww,0,호날두는 에이징커브 온 손흥민보다도 확실히 잘하네,C2czxBoubkk
@김태호-c7c6h,0,역시 날두,C2czxBoubkk
@brettastia,0,르브론이랑 호날두랑 누가 더 오래 버틸까;,C2czxBoubkk
@관통샷,0,천골 넣으면 뭐함? 븅신마냥 ㅋㅋ,C2czxBoubkk
@cccsf3cccccc,0,두란 방출하면되지? 프로세계는 냉정하니가,C2czxBoubkk
@dong1234-n4h,0,호날두를 아직 모르네 두란이 못넣는걸 알기때문에 두란 매장하는거임,C2czxBoubkk
@5니자닷주,0,아내 표정이  ,C2czxBoubkk
@까오까,0,호날 두란 뭘까?,C2czxBoubkk
@junne2000,0,... 한국에서 이미지 박살난 이후로 여전히 나한테는 ㅈ두임 내한경기때 경기장에서 대성통곡하는 애들 아직도 기억함...,C2czxBoubkk
@컴마스킹,0,호날두란,C2czxBoubkk
@邢鎭晟형진성,1,국민은 중공과 싸우는데 정치인들은 중공에 나라 팔아먹는 중이다.,WhUIihJPl14
@wyeuibfhjg3649,1,2등한  중국선수도  축하합니다.,WhUIihJPl14
@김인호_kim,0,오우 쉿 존나 좋다.,WhUIihJPl14
@NoDivine-1div,0,군대가기싫어요~  총은 잘쏴요 ~ 힘든일 싫어요 ~ 밤일은 잘해요 ~ 돈 많이받고싶어요 ~  야근특근은 싫어요~,WhUIihJPl14
@gongon722,0,중국선수 귀엽네,WhUIihJPl14
@Itsme-MEOTJAENGEE-aroundhere,0,둘다 너무 이쁘고 멋지다,WhUIihJPl14
@김대호-n9t9q,0,자랑스럽습니다 고마워요 감사합니다 화이팅 😊,WhUIihJPl14
@Egoneedle,0,중국선수 되게이쁘네,WhUIihJPl14
@50start-c9z,0,이제 우리나라는 일본이 아니라 중국하고는 절대질수없다.,WhUIihJPl14
@장종혁-k3i,0,귀여웡..,WhUIihJPl14
@DonGiov돈죠,0,저 경기 유툽 중계 봤는데 쏘기 전 집중할 때 흔들리던 어깨가 스~윽 멈추고 고정된 후 쏘더라. 보는 내가 더 두근거려서 손 떨렸어....,WhUIihJPl14
@미성-r2e,0,최곱니다,WhUIihJPl14
@백냥쿤,0,아무리 그래도 가지고 논다는 말은 좀 그렇다 야,WhUIihJPl14
@으이구자식아,0,둘다 이쁘네,WhUIihJPl14
@박수현-n7l4v,0,반효진 선수분이 우리 학교였다는게 자랑스럽다,WhUIihJPl14
@hoohehet1673,0,반효진 진짜 왜케 귀엽냐,WhUIihJPl14
@길곡,0,한국 선수는 테가 무척 우아하네. 이미 급이 다른 사람,WhUIihJPl14
@gong90,0,우리는 항상 오랜 역사부터  중국과 라이벌이었어요. 일본은 알려주는 관계였고. 그러나 일본은 언제나 뒷통수를 보고 있었죠.,WhUIihJPl14
@pjyun5021,0,반전이 두선수가 나이어린 소녀인 국가대표선수라는 사실 ... 결과를 알고 봐고 차릿하네요 .. 김연아선수 경기볼때와 비슷한 느낌 ..,WhUIihJPl14
@재민-x8b,0,갖고 놀았다니... 표현하는 방법이 그거 밖에 없나? 둘 다 최선을 다해서 멋진 경기를 보여준건데 갖고 놀았다니... 국뽕을 팔아먹으려면 좀 똑똑하게 팔아먹으세요... 교육 못 받은티 내면서 저급하게 그러지 마시고,WhUIihJPl14
@FHUHCYK,554,관절이 약한 이유: 그정도 하자도 없으면 밸붕이기 때문,vwbgIzKKPw0
@Happylife9w9,222,예체능은 진짜 뼈저리게 느꼈는데... 저런 신체적 재능이 최소한 50퍼는 차지함... 노력해서 채울 수 있는 50퍼가 있어도  절망적이더라,vwbgIzKKPw0
@JXXHXXN._.187,78,이름은 올리비에 리우. 키는 236cm 입니다.,vwbgIzKKPw0
@captainkid22,41,운동하면서 체급만 늘리면 개사기일듯 저정도 키면 거인증 있는사람많은데 머리크기도 정상이고,vwbgIzKKPw0
@팬치-z7i,39,키가 240인데 건강해보이네,vwbgIzKKPw0
@ReadytoABM2drip,34,거인들도 관절 내구도는 보통 사람이랑 비슷한데  무게가 많이 나가니 빨리 소모됨 모르는 사람들도 있는 듯 해서😂,vwbgIzKKPw0
@TV-dm3fg,12,8척 귀신이다!!!!!!,vwbgIzKKPw0
@wheeheu,5,결국 NBA레벨까지 가려면 스킬이 중요한듯 지금 ㅈㄴ 잘하는 웸비도 무브나 슈팅능력이 되서 사기캐인 거니까. 큰 키가 드래프트때는 유리하겠지만 스킬이 없으면 롤플레이어에서 벗어나기는 어려움,vwbgIzKKPw0
@진석-m4x,5,골격이 아주 지극히 정상인데 ?!?  왜 관잘이. 약함 ?!?  장신들의 대부분이 공격 자체가 기형 이라서   그렇게지만   이사람은 아주 지극히 정성   비율을 보면 아주 정상인데,vwbgIzKKPw0
@KJJLHM,3,얘는 무슨 오락실 기계에서 하는거 같냐 ㅋㅋㅋ,vwbgIzKKPw0
@윤성진-h3s,2,nba 지명받고 연봉 많이받으면서 트레이닝 받으면 관절도 지키고 선수생활도 계속 할듯,vwbgIzKKPw0
@에이든-k8k,2,저 사람에게는 그 키가 재능이자 기회이겠지만 보는 입장에선 먼 재미로 농구보나.. 괜히 마이클 조던에 열광했던게 아님.. 씨름도 이만기가 원탑 시절일때 인기 있었고 살과 체중으로 씨름 하는 사람들이 늘어나면서 팍 식었지.,vwbgIzKKPw0
@Fpdkfakemflemsms,2,존잘 근육질몸 병X 비율씹사기  ...?,vwbgIzKKPw0
@Shark-c2p,2,그 에일리언 루물루스 마지막에 나오는 그 에일리언 역할 맡은 사람 아님?,vwbgIzKKPw0
@흠-j9y,2,와 2m가 길거리 걸어다녀도 전봇대같고 ㅈㄴ거인같은데 거기서 40cm가 더크다니... 길거리에서보면 진짜 개오질듯,vwbgIzKKPw0
@user-pv8pm8wq6v,2,리우현지인 입니다!!,vwbgIzKKPw0
@DDAEGGULLOOK,1,ㅋㅋㅋ조만간 저거 문제삼으면 "찢"겨서 "드럼통"에 담기는 시대가 도래할 예정^^,vwbgIzKKPw0
@ssul-company,1,뭐야.. 농구는 신장이 아니라 심장으로 하는 거라매..,vwbgIzKKPw0
@릴라드-q2k,1,그냥 야오밍이 개사기였음..,vwbgIzKKPw0
@goodlucky-lk6cm,1,그냥 177센치로 태어난걸 감사하다,vwbgIzKKPw0
@안승균-y8r,8,태인둥절 귀엽네 잘성장해다오 한국10년 에이스님,P-SHrE2Tcms
@choiws350,3,원태인 둥절😊😊😊,P-SHrE2Tcms
@미뉴에트-b4e,2,잘생긴 원태인😊,P-SHrE2Tcms
@다까루,2,예상하지마 하수새끼야 항상 대응해  프로면 프로답게 행동해 ㅡ ㅡ;,P-SHrE2Tcms
@Kimjw2800,1,태인아  너도 팀을 안 믿는구나...ㅋㅋㅋㅋㅋㅋㅋ,P-SHrE2Tcms
@문진호-z1g,1,원태인은 마운드만 올라가면 전사가 된다. 항상 응원합니다,P-SHrE2Tcms
@seol1208,1,강민호 연기력,P-SHrE2Tcms
@광래김-e5u,1,태인둥절,P-SHrE2Tcms
@신영희-g8o,1,같은팀이니 믿어요,P-SHrE2Tcms
@dongyangjung1206,1,이것만 봐도 야구는 스포츠가 아니다. 그냥 게임  놀이 정도...,P-SHrE2Tcms
@JL-fq1cn,1,진지허게얘가하면  명백한 본해드플레이 커버들어가야할수도있는데 지가판단하고 아무것도안함,P-SHrE2Tcms
@로스테인방송,1,잠실도 부정구장 맞다,P-SHrE2Tcms
@카크레이,0,태인.. 둥절ㅋㅋㅋㅋㅋ,P-SHrE2Tcms
@내란수괴석열이,0,막폴 극장골로 먹은 느낌이겠군,P-SHrE2Tcms
@hi.m3482,0,투수라면 처 맞았어도 공 봐야지,P-SHrE2Tcms
@노란솜사탕-k3e,0,볼링  칠때  잘못 굴려서  뒤로 돌아 왔는데   스트라이크 였을때   내 모습  같다,P-SHrE2Tcms
@jhchoi8771,0,투수가 야구에 집중을 안하는구나.. 이기고 싶지 않은가보지?,P-SHrE2Tcms
@____xxx____,0,꺼벙하네,P-SHrE2Tcms
@kkk_94,0,라팍런ㅋㅋㅋㅋ,P-SHrE2Tcms
@정용재-s5b,0,에구~ 홈런~ 이야~ㅠㅠ  오늘 컨디션안좋네 힝~ 힝~ 오잉~!! 와~! 제수야~!!! 실점안해서요~!!  선배님 감사하고 최고예요~!! 밥 한번 사라 알제~^^*♡♡,P-SHrE2Tcms
@I.9.금.전.용.P.R.E.M.I.U.M,2972,*진짜 얼굴로만 던지는 듯  개멋져서 안구정화 됐음. ㅋㅋ*,2riiIot2Ais
@Jesmdiw,1382,얼마나 잘던지겠어 했는데 진짜 개 잘던지네ㅋㅋㅋㅋㅋㅋ,2riiIot2Ais
@끌릭_I9X_딸통령_에디션,1244,*얼굴로 던지는 게 진정한 미학  승제님 멋짐 폭발! 🎯*,2riiIot2Ais
@프사꾹-l9X-여돌L양-g4b,328,"얼마나 잘 던질까 했는데  진짜로 엄청 잘 던지네! ㅋㅋㅋㅋㅋㅋ",2riiIot2Ais
@Sul1yoon0402,312,어떻게 얘가 스터디그룹 최약체냐...?,2riiIot2Ais
@nice_mercury1025,237,이거 보고 델랍 떠오른 사람??ㅋ,2riiIot2Ais
@Y.H_KIM,182,김진짜 진짜 귀엽네ㅋㅋㄲㅋㅋㅋ,2riiIot2Ais
@fletcherlynd7112,156,별로 힘도 세게 주지 않고 가볍게 던지는 거 같은데 엄청 멀리 가네요ㅋㅋㅋ,2riiIot2Ais
@불타는달고나,98,몸을 진짜 잘쓰는구나.ㄷ,2riiIot2Ais
@정두수-r8o,38,실제로 일반 축구에선 무조건 유리 대학교때 저거로 우리편이 졌어요 ㅠ,2riiIot2Ais
@ClarkHong,24,손에서 떠날떄의 속도가 빨라야 멀리 나감! 이게 핵심.,2riiIot2Ais
@Tocomonn,24,김진짜 졸귀 ㅎㅎ,2riiIot2Ais
@gyrdf56,23,얼굴이 잘생겼네 ㅋㅋㅋㅋ,2riiIot2Ais
@wonste,22,도움닫기도 안하고 대단하네,2riiIot2Ais
@신사임니당-w2y,18,심지어 정확도도 나쁘지 않음,2riiIot2Ais
@seok_13,11,이 프로 쇼츠몇개보고 기대안하고봤는데 개쩌네,2riiIot2Ais
@우찌이런-g5o,11,별로 힘도 안들였는데 엄청 멀리가네  와우🎉,2riiIot2Ais
@hyunax7395,11,한손으로 멀리던지는건 그나마 어렵지않지만 두손으로 저렇게 던지는건 정말 쉬운게 아닌데 팔로만은 안되고 하체부터 손목까지 몸전체를 제대로 사용해서 던지네요~,2riiIot2Ais
@tv-gs4tj,9,검나 잘생겼다,2riiIot2Ais
@stberry00,7,종현님 반갑네여 훈련소 동기였는데 ㅎㅎ,2riiIot2Ais
@입덕갤러리,124,폼 미친 아이돌 시구 모음 Legendary Idol Pitch Form Screen-based Social Performance  아이돌의 시구는 단순한 공 던지기가 아니다. 그들의 등장만으로도 경기장은 무대가 되고  공 하나에 담긴 폼은 무대를 찢던 그 자세 그대로다.  순한맛 — 아이브 장원영 얼굴에서 끝난 줄 알았는데 노래 타이밍까지 완벽. 시구도 완벽한 아이돌  — 에스파 카리나 던질 때 무심한데 스트라이크네  — 뉴진스 민지 와 진짜 피지컬 원탑이다. 폼  각도  밸런스까지 뭐냐고. 체육계가 놓친 인재  보통맛 — 에이핑크 보미 아이돌 시구의 전설. 시속 76km 유희관이.. 몇 이더라..?   매운맛 — 태미 그냥 와... 돌았네.  설명 필요 없다.  이 영상은 그런 순간들을 찬란하게 스크린에 옮겨 담는다. 던지는 자의 자세  받는 자의 감탄. 스포트라이트는 그들에게 있었다.,XKk8qmbDdDY
@유영선-o8n,12,어찌된게 죄다 이쁘냐,XKk8qmbDdDY
@KJHS21118,11,카리나 캬..,XKk8qmbDdDY
@정재민-p5x,5,진짜 돌았자나요ㅋㅋ,XKk8qmbDdDY
@쮸-u4b,4,우리 도겨미도 너어줘여,XKk8qmbDdDY
@쌩쥐-d4c,2,보미님 진짜 예쁘다..,XKk8qmbDdDY
@내일할일-7,2,장원영 카리나가 젤 이쁨,XKk8qmbDdDY
@asdzxcz5m,2,배신자 한명이 껴 있네,XKk8qmbDdDY
@윤서이-f2q,1,오바싼다 ㅋㅋ,XKk8qmbDdDY
@씨바루,1,아 시바 을사오적 뉴진스 좀 안나오게 해라,XKk8qmbDdDY
@몽글-o6d,1,팔두께봐라...진짜 먹고다니긴하는거냐,XKk8qmbDdDY
@진혁-g2s,1,투수 한명을 조심하라고?,XKk8qmbDdDY
@leekm83v,1,체육쪽이아닌사 운동권이지  혁명돌,XKk8qmbDdDY
@김사랑-v5m,1,배신돌은 이제 빼자,XKk8qmbDdDY
@HGKim-qe7ny,0,크다..,XKk8qmbDdDY
@궁극에필살기-u5q,0,보미는 유희왕하고 비슷한 구속을 보이네,XKk8qmbDdDY
@JINSEO_777,0,유희관 보다 빠른 보미....?,XKk8qmbDdDY
@오제민-w1r,0,마지막 해설진들도 놀랐엌ㅋ,XKk8qmbDdDY
@샶샶샶,0,아이돌이 아니지않나?,XKk8qmbDdDY
@긔닛,0,~장원영 잘던지네~,XKk8qmbDdDY
@앙기모링-h5n,50,고인의 생전 개쩌는 영상을 보시겠습니다.,zSHPaX0Yf5U
@최이현-m9o,17,정성룡 골 업그레이드 버전 ㄷㄷ,zSHPaX0Yf5U
@TV-bu8bt,15,나도 20대때 축구경기중 중간 하프라인에서 찬 골이 그대로 골인 됬었다...그때 내 가슴이 얼마나 웅장했던지?  녹화되었다면 내 인생 골인데....너무 아쉽다.  흘러간 내 청춘~,zSHPaX0Yf5U
@BLackDRaGon-hw5jh,7,나도 국민학교 시절 때  골기퍼 역할 한 적 있었는데 체육시간 때였나.. 점심시간 때였나.. 그 때 공을 공중에 띄우고 발로 까서 저 너머 골대 까지 골인 해서 혼자서 "골!" 했었는데 같은반 였던 학생이 "이건 무효!" 라 해서 그래 처리 됬었음..,zSHPaX0Yf5U
@yongholee5810,5,독수리~~ 슛!,zSHPaX0Yf5U
@이민형-s5u,5,5초지난거같은데,zSHPaX0Yf5U
@HANDLE-핸들,4,몇번이나 돌리는거야..,zSHPaX0Yf5U
@darricklee2532,4,슛을 4번이나 보게만들어 편집도 지랄이다,zSHPaX0Yf5U
@spy7907,3,오 마이 갓 ㅋㅋㅋㅋ 😆 😮 🎉,zSHPaX0Yf5U
@안내개꿀,3,영상은 좋은데 반복재생 개짜증,zSHPaX0Yf5U
@JS-zz9po,1,와 노바운드로 저리까지 가다니 ㄷㄷ.....,zSHPaX0Yf5U
@user-bi7eo5dl8c,1,우리는 저걸 골키퍼 차이라고 부르기로 했어요,zSHPaX0Yf5U
@얍-w6j,1,저 골퍼 epㅣ이나 라리가 델고와야된다,zSHPaX0Yf5U
@김백성,1,저 골키퍼 안 맞았으면 노골인데ᆢㅋ,zSHPaX0Yf5U
@toyoungkwon9026,1,노골올..,zSHPaX0Yf5U
@이재윤-m6p9j,1,노골,zSHPaX0Yf5U
@안혜령-o4j,1,GG,zSHPaX0Yf5U
@창원버덕,1,나도 저렇게 골 넣은적 있음,zSHPaX0Yf5U
@정진우-m4e,1,땅에 놓고 차야 인정되지.,zSHPaX0Yf5U
@지존보-s7w,0,전 축구는 아니지만 홈런치는 장면을 아는 동생이 카메라로 연속촬영해서 잘 남겨 두고 있습니다  ㅎㅎ,zSHPaX0Yf5U
@윤준희-o1g,252,팀과 팬에 승리를 못주면 팬서비스라도 확실히 하는게 낫죠.,hu4oLj8bJIc
@seanoh11,133,mlb는 정말 낭만 넘치는 프로들이다,hu4oLj8bJIc
@지상최고미남-e1u,119,이게 진짜 팬서비스지   ㅋ,hu4oLj8bJIc
@Korea-Morocco,107,선발투수 다 올라왔네요 내일 누가 던지죠? 😂😂,hu4oLj8bJIc
@유튜브구독자-b7n,95,그래도 명문팀이고 5년에 저런일이 한번 있을까말까 하니까 팬들도 즐기는거지 한국에서 하위팀이 저러면 또냐하면서 욕 디지게 먹음😂😂😂,hu4oLj8bJIc
@볼빨다선춘기,95,16:0 ... 다저스라 그래도 웃고넘김 ㅋㅋ,hu4oLj8bJIc
@likephoenix659,38,한국에서 저러면 다음날 논란으로 기자회견 잡아야 됨.,hu4oLj8bJIc
@홍성용-b3p,22,스포츠의 낭만...그 중에  짱인듯,hu4oLj8bJIc
@히테-b7v,22,끝까지 최선을 다하는게....프로이고.....경기장에 찾아온 팬들에 대한 예의다.....라고....어떤 종목의 댓글에서 자주 봤던 글인데....야구에선....낭만이라 불리네. 종목이 달라서겠지???,hu4oLj8bJIc
@soooooooo-e3q,18,진짜 날로 먹는구나..,hu4oLj8bJIc
@jeffcho6434,14,이 게임 막판에 다져스 포기해서 팬서비스 차원에서 로하스 올리고 잼나게 마무리 했는데  한국 스포츠신문에는 다져스 60년 만에 몰락.. 이렇게 나옴.. 애효...,hu4oLj8bJIc
@skyon-re1lt,12,낭만 쩐다.,hu4oLj8bJIc
@연수동하루살이,9,LG가 저랬으면 김현수 저녁 스케줄 꽉찬다.,hu4oLj8bJIc
@김마리-s9c,9,어휴~팀 이름을 다 이겼으라고 지었어야지,hu4oLj8bJIc
@GNG45,9,저렇게 대패해도 비싼 입장료에 내고 들어온 팬들에게 미안함도 1도 없고 떠들고 노는 미국프로야구 메이저선수 멘탈이 ...,hu4oLj8bJIc
@고양이일곱마리,8,매 시즌 포시는 기본 옵션이라 1패쯤은 웃고 넘어가는 여유 ㅎㄷㄷ,hu4oLj8bJIc
@강아지초롱이,8,따라쟁이😂 저 덩치에 귀엽네요😊,hu4oLj8bJIc
@이성호-t3q,7,이래도 되는 것인가?,hu4oLj8bJIc
@lingard2533,6,왜 포기한거에요?,hu4oLj8bJIc
@gangzazone5814,5,낭만~~~패배~~^^,hu4oLj8bJIc
@야생화-z8w,424,속도와 방향을 감지해서 작동하는데  바운드는 방향만 알지 속도는  ㅋㅋㅋㅋ  레알 천재인데,CItOYUlPZPI
@jewonlee4365,138,사람이 못막는건 기계가 막고  사람이 막는 건 기계가 못막고,CItOYUlPZPI
@hourglass9898,102,결국 저 동작 또한 입력되고 다음번에는 절대 안 됩니다.,CItOYUlPZPI
@백서이-g3j,84,저 한명은 80억분의 1을 이겼습니다,CItOYUlPZPI
@야뎡_많음_냬챼녈_k4S5Wt,45,저런 AI들은 보통은 완벽한데 작은 문제는 있는 것 같아. 이세돌과의 바둑 대결 같은 거.. 뜬금없는 건 예측 못하는 경향이 있더라고  터미네이터처럼 앞으로 기계와의 전쟁에서 참고해야 할 듯해  ㅋㅋ,CItOYUlPZPI
@user-fz5iv2fo4h,25,푸틴과 시진핑이 찰때는 전부 들어가던데 ㅋㅋ,CItOYUlPZPI
@dotolbam4500,9,이건 예측이 아니라 반사신경임,CItOYUlPZPI
@블랙삵,7,마지막 표정은 이게 인간승리다 라는 표정인데 ㅋㅋ,CItOYUlPZPI
@나랑께문좀,6,꼭 햇님과 바람 동화같네요 세게 때리면 다막는데 오히려 약하게 때리니까 못막는,CItOYUlPZPI
@카트라이더-q7d,5,저거 오른쪽이나 왼쪽 위쪽 구석으로 차면 팔길이때문에 못막던데,CItOYUlPZPI
@백수현-k1p,4,바둑 인공 지능도 아마추어 1급 출신의 개발자한테 개털렸음.정석 바둑이 아닌 기상 천외한 바둑으로.,CItOYUlPZPI
@임마누엘p,3,개발자가 아닐까?😅,CItOYUlPZPI
@신짱-s7m,3,푸틴💀☠️,CItOYUlPZPI
@안디영-w3z,2,불규칙바운드는 로봇도 못 막는구나~~,CItOYUlPZPI
@user-vb2fk8ef3o,1,아니 내려갔다가 다시 올라오는 중력거스르는건 에바지 ㅋㅋㅋㅋㅋ,CItOYUlPZPI
@김기수-x2o,1,인간을 능가할수 있는것은 존재하지 않는다.,CItOYUlPZPI
@dsp6089,1,저 로봇 골키퍼를 이길 수 있는 사람은 푸틴이더라. 로봇 골키퍼도 푸틴이 보내는 그린티가 무서운 게야.,CItOYUlPZPI
@물-v8n,1,역시 머리사용처는 인간이다.,CItOYUlPZPI
@운-r2q,1,이세돌 생각나넹~~~~~~,CItOYUlPZPI
@-mcr-kickthedoor9820,1,메시가 10번 실패하고 1개 성공,CItOYUlPZPI
@Pingping-E-2,668,혹시 뱃살에 눌려서 피치컴 사인 나가는경우도 있나요?,LhsR9rZmItU
@이정인-z6d,38,기본 퀄스는 해주는 후라도 현재 크보 이닝1위인데 1승 3패 ㄷㄷ,LhsR9rZmItU
@김현우-u7j,15,투수가 주도하는거 보기좋다,LhsR9rZmItU
@bowwow4535,5,프로선수가 몸이 저게 뭐야...,LhsR9rZmItU
@이진혁-p3d,5,후라도 야구주머니 보면 야구가 스포츠 맞냐  라는 질문이 또 떠오르네 ㅋㅋㄷㄷ😂😂😂,LhsR9rZmItU
@hiverkim7713,3,라도 야구주머니가 왜이렇게 커졌어 부잣집에 가니까 많이 먹었구나... 항상 건강하고 행복야구해 라도....ㅠㅠㅠ,LhsR9rZmItU
@이종덕-t1p,3,배가 아니고 피치컴주머닙니다,LhsR9rZmItU
@prettier-girl,2,허리 살 좀 빼줘😂 후라도 배가 이대호급이네😢,LhsR9rZmItU
@파이팅-s7m,1,삼성보면 뎁스 개얇은데 작년 2위어떻게햇냐,LhsR9rZmItU
@hahappy2247,1,쟤 키움시절에도 저렇게 뚱뚱했었나? 대구 음식이 맛있나? 살 ㅈㄴ쪗네,LhsR9rZmItU
@mrstar-ig7eg,1,메이저 에서 작년에 피치컴으로 미리 다음공 싸인보내서 템포 빠르게 한게 유행한적 있긴한데,LhsR9rZmItU
@iMRCorea,1,허리쯤??    에헤라이.. 자막은 성의있게 만들어라 이 개...(#*%(%*  허리춤.  손도 안대고 코풀면서 돈 벌려하니? 쯧쯧...,LhsR9rZmItU
@snowwgong77,1,후라도 삼성이 너무 미안해     ,LhsR9rZmItU
@huni-q2h,1,한국야구는돼지들만사야,LhsR9rZmItU
@bca-d6l,1,0:03 임신한 산모가 아이든 배를 안고있는 모습,LhsR9rZmItU
@jyk1406,1,후 라도,LhsR9rZmItU
@Charsima98-d3w,1,뱃살이 ㅎㄷㄷ한데??,LhsR9rZmItU
@Bins0914,1,어휴 배뭐야 운동선수맞나,LhsR9rZmItU
@zeronarangd,1,야구선수들만 유일하게 뚱땡이들있음 ㅋㅋㅋ아마수준,LhsR9rZmItU
@lz77977zl,1,이대호 투수버전,LhsR9rZmItU
@ddsdedkdsosososo3724,1277,라모스도 다른곳 쳐다보는게 개웃기네 ㅋㅋㅋㅋㅋㅋㅋ 서로 뭐하냐 니들 ㅋㅋㅋㅋㅋ,06EJAStZ5oc
@I9꾤리는I야뎡ItU6,48,ㄹㅇ 완전 못 막아 ㅠㅠ,06EJAStZ5oc
@thismyliffe,31,21세기 수비수 GOAT 라모스,06EJAStZ5oc
@노래추천받음,27,크~ 이게 내가 좋아하던 라모스지~ 사랑한다,06EJAStZ5oc
@WVFM24,22,안두하르 -> 구스만 -> 마르티네스 로 이어지는 아르헨티나 똘끼 골키퍼 ㅋㅋㅋㅋㅋㅋㅋㅋ,06EJAStZ5oc
@keymong9816,10,목소리 톤이 개웃기네ㅋㅋㅋㅋ골키퍼~!이 남자~~!,06EJAStZ5oc
@예비군-o1k,5,아르헨티나 골키퍼들은 원래 저렇게 다 똘끼가 잇냐 ㅋㅋㅋㅋㅋㅋㅋㅋㅋㅋㅋ,06EJAStZ5oc
@별나비-l5r,5,근데 방향은 잡았네 ㅋㅋㅋ,06EJAStZ5oc
@꼬마돌-u2i,4,요란한놈치고 실속있는놈 없다ㅋㅋ,06EJAStZ5oc
@HappyJung777,3,대단한 심리전이넹 ㅋㅋㅋㅋㅋㅋㅋㅋㅋㅋㅋㅋㅋ,06EJAStZ5oc
@인사안합니다,3,감독: 내가 쓰잘데기 없는거 하지 말라고 90분 내내 얘기했는데...,06EJAStZ5oc
@djfngmme,2,아르헨티나 형들은 왜이렇게 다들 상남자야,06EJAStZ5oc
@eurospo,2,주접떨다가 개쪽이네ㅋㅋㅋㅋㅋ,06EJAStZ5oc
@ck0213,1,19-20때 라모스 한 시즌에 13골 넣었음 수비수가ㅋㅋ 물론 전담 pk키커긴 했지만 pk외에도 프리킥  헤더로 골 많이 넣었음 팀내 벤제마 다음으로 득점순위 2위였음 ㅋㅋ,06EJAStZ5oc
@하이야이야,1,주접 떨고 있네 ㅋㅋ,06EJAStZ5oc
@END-ug2xq,1,다른곳보는게 이미 말린거임,06EJAStZ5oc
@최경필-t3j,1,😅😅😅,06EJAStZ5oc
@심프로,1,븅싄,06EJAStZ5oc
@몽드레-h3m,1,병신,06EJAStZ5oc
@제은김-k6o,1,쇼하고자빠졋네,06EJAStZ5oc
@i9야뎡XQ풀버전q4,164,와 같이ㅋㅋㅋㅋ 유희왕에서 듀얼하는 것 같은 느낌으로 농구하는 거 정말 귀엽지ㅋㅋㅋ,cmbB1PhyFRs
@기잉가앙,117,학교 농구부가 아마추어 드립치는건ㅋㅋㅋ 진짜 작가ㅋㅋㅋㅋㅋ,cmbB1PhyFRs
@힛히히히히,70,ㅈㄴ 치고박을 줄알았는데 농구로 대결하넼ㅋㅋㅋ,cmbB1PhyFRs
@1abcd195,40,ㅋㅋㅋㅋㅋㅋㅋㅋㅋㅋㅋㅋㅋ 유희왕에서 듀얼하는 거 마냥 농구하는 게 개귀엽네 ㅋㅋㅋㅋㅋㅋㅋㅋㅋ,cmbB1PhyFRs
@seungsoolee7654,13,이도현 어설프가 운동하는게 아니라 찐이네..,cmbB1PhyFRs
@user-gazet99,10,작가님이 너무 해맑다 !!,cmbB1PhyFRs
@doyouknow_dawae,10,작가의 지능은.....어쩌고 저쩌고...,cmbB1PhyFRs
@paindia3,2,아니 이도현 ㄹㅇ 잘하는데 드리블 폼이 ㄷㄷ,cmbB1PhyFRs
@크아앙-s9g,2,농구부키가...송태섭이냐?😊😊,cmbB1PhyFRs
@피묻은각도기-p1o,1,이드라마 잼있나요,cmbB1PhyFRs
@briank2818,1,내가 더 잘하더라도 커튼콜의 영광은 자식이 받게 하고싶지.,cmbB1PhyFRs
@JM-do8cf,1,ㅋㅋㅋㅋㅋㅋㅋ 17어게인 때 잭 애프론도 줠라 오글거렸는데 이건 한술 더 뜨네,cmbB1PhyFRs
@JimmyLee-kd5mg,1,으 오글거려,cmbB1PhyFRs
@두단-z5i,1,ㅋㅋㅋ ㅈㄴ 오글거리네 10년뒤 보면 프린스송~? 예아 ~ 급이겠노,cmbB1PhyFRs
@백광렬-j1r,1,단대에서 언제 찍었누,cmbB1PhyFRs
@업청대장,1,작가 ㅋㅋㅋㅋㅋㅋ 머리보소,cmbB1PhyFRs
@티모-h9o,1,ㅈㄴ 민망하다 누가 보냐이런거.?,cmbB1PhyFRs
@이유석-k4b,1,처음에 바지 벗고 팬티만 입고 있는줄,cmbB1PhyFRs
@호반의자객,1,오호~저런 쌕쉬한 패스는 첨보네....굿❤,cmbB1PhyFRs
@woodys-ms9rp,0,저 얼굴에 왕따를..당했다고요...?😅,cmbB1PhyFRs
@클릭-l9-여돌L양사건-z7o,1024,*가끔 선수촌에 가는 이유는 찍어둔 여자선수들 픽업하러 가는것..* 내 프사 꾹,42RMdmDyDMk
@mjmoon100,776,가끔 선수촌에 가는 이유는 찍어둔 여자선수들 픽업하러 가는것..,42RMdmDyDMk
@이동준-p2w,183,걍  간단명료하게  돈이  넘 많아서죠,42RMdmDyDMk
@아니아니요-o3k,170,다들 NBA안 봐서 그러나 본대 그냥 미국 대표팀은 올림픽 나와주는거에 감사해야지 어디서 자든 누구랑 자든 그런거 따지면 안됨. 내가 최근 축구는 안보는데 축구로 치면 몇년전에 메시 호날두 음바페 네이마르 등등등이 전부 같은 팀으로 올림픽 나온다 생각하면됨,42RMdmDyDMk
@stipa30,104,르브론 수영선수한테 디엠보냈다 까인건 올림픽때아닌가?,42RMdmDyDMk
@코코까망,57,이러한 보안을 뚫고 누군가를 초대하려고한 르브론의 도전 정신에 경의를 표합니다....,42RMdmDyDMk
@Gjdj3uxh3,42,팩트는 지들돈으로 싹다해버리니 누구도뭐라고못함ㅋㅋㅋㅋ,42RMdmDyDMk
@헤페바이스,40,어차피 이길 텐데 연습 할 필요도 없지 관광 하는 거지,42RMdmDyDMk
@jnho-g2z,21,돈이 최고야~,42RMdmDyDMk
@최민규-b6c,20,미국 농구 대표팀 섭외 하러 가는 영상 보면 알 수 있음. 갑과 을 확실 함.,42RMdmDyDMk
@갓필드-e2l,13,다들 알파메일인데 선수촌 들어가면.... 어우야~~~~,42RMdmDyDMk
@hyunc6449,11,NBA 선수 올림픽 참가 자체가 말이 안된다. 초심으로 돌아가자 위원회 분들아,42RMdmDyDMk
@z.d.a4451,10,근데 다른 종목 선수들도 피지컬이 좋을텐데 175는 너무한거아닌가,42RMdmDyDMk
@김민지-o2i6j,9,크루즈ㅎㄷㄷ 배를 빌려버리네,42RMdmDyDMk
@포르셰-f1h,6,저 정도면 돈 쓸 명분을 찾는거 아닌가 ㅎㅎ,42RMdmDyDMk
@someone-242,6,저렇게 특별 대우를 해주는 이유도 농구는 어차피 무조건 우승 확정이라 얼마를 지원해도 항상 그 이상의 성적을 뽑아내기 때문임,42RMdmDyDMk
@윤성진-h5e,5,리우올림픽 선수촌 침대 길이 192cm였다. 175cm은 어디서 나온 말이냐? 조사 좀 해 보고 콘텐츠 만들어라. 상식적으로 175가 말이 되냐?,42RMdmDyDMk
@아키온-l1s,5,그냥 돈이많아서 같이 쓰기 싫은거지 프랑스올림픽때도 호텔을 통째로 빌리고 남은방 미국다른 대표팀한테 줫다던데,42RMdmDyDMk
@김현수-r8k4h,4,다른 올림픽 스포츠 선수들은 돈이 많지 않지만 슈퍼리치인 nba 선수들이 굳이...,42RMdmDyDMk
@삵이아니라칡이에요,4,175면 내가 지금 누워있는 침대 길이보다 짧은데?,42RMdmDyDMk
@DDONG_BBANG,539,기아 : 우리팀 올래?,8rXuNP5mIJk
@쯔군-n6s,243,그와중에 좌완이네ㅋㅋㅋㅋㅋㅋ,8rXuNP5mIJk
@레드용-d7z,161,타자 스윙도 좋네,8rXuNP5mIJk
@박지수-m5q,95,어어어어   어린이가 아니네?!,8rXuNP5mIJk
@착한놈-d8u,54,유희관 보고 있나?,8rXuNP5mIJk
@기현아니가내우주다,39,키움으로 와라. 우리가 키워줄게,8rXuNP5mIJk
@edr24,27,뉘집 아들래미냐 ㄷㄷ😊,8rXuNP5mIJk
@김춘추-o4u,21,포심을 던지네 ㅋㅋㅋㅋ,8rXuNP5mIJk
@Darae512,16,ㅅㅂ 당장 롯데로.,8rXuNP5mIJk
@뉸뉴니,8,좌완이여 ㅋㅋ,8rXuNP5mIJk
@웃당근,5,뭐지? 합성인가??,8rXuNP5mIJk
@sangyulpae6937,5,얘 뭐냐?  ㅋㅋㅋ,8rXuNP5mIJk
@쵠석,4,좌완? 일단 영입해야지,8rXuNP5mIJk
@짝대기-j7o,3,오늘 LG선발 김주온보다 잘던지네 ㅋㅋㅋㅋㅋㅋ,8rXuNP5mIJk
@우야-y4k,3,어릴때 백날 잘해봐야 소용없다 성장치 max가 어디까지인지가 중요하지,8rXuNP5mIJk
@베이비보스-o7e,3,한화가 지명하겠습니다,8rXuNP5mIJk
@boox1233,2,이미 시구를 할 정도까지 된다면 일단 각구단에서 리틀 야구나 유소년 에서 유망주로 프로 유스팀에서 벌써 기우고있습니다 ㅋㅋ,8rXuNP5mIJk
@Kimjw2800,2,이게 왜 어린이야 ㅋㅋㅋㅋㅋㅋㅋㅋㅋㅋㅋㅋㅋㅋ 좌완에 저 나이에? 저 스피드면? 곧 국보금 아님?ㅋㅋㅋㅋ 류현진 뒤를 이어라~ 화이팅,8rXuNP5mIJk
@Iluinail,2,미래에  선수 명단에서 보면 반갑겠다. 박주원씨  황찬빈씨.,8rXuNP5mIJk
@XellOsGame,2,오......?!!,8rXuNP5mIJk
@권동욱-j8z,36,두 번째는 그냥 죽이려고 하는 거 아님,B_Mwoch-ee8
@Fir_un,34,걍 주작인게 너무 티나는게 사람 머리밑에 구멍 틈이 크게 있다가 cg로 메꿔지기도하고 세번째 장면 같은 경우에는 사람머리가 합성인거 마냥 분할되어있음,B_Mwoch-ee8
@Galpang0906,17,그냥 축구공은 아래 뭔가 바쳐주는데 사람머리는 아레 안바쳐주고 너무 티남,B_Mwoch-ee8
@shrimp-생새우,3,누가봐도 가짜는 아래가 티남,B_Mwoch-ee8
@조선영xh1234,2,님들 이유튜버 걍 주작이고 짜고치는거임,B_Mwoch-ee8
@tv-tm6mr,2,아프겠다,B_Mwoch-ee8
@블럭종,1,아니 밑에 떨어진 가루같은거 때문에 내 폰에 뭐 묻어 있는줄 알았네 ㅋㅋ,B_Mwoch-ee8
@재민최-m6y,1,저분들 1억 구독자임,B_Mwoch-ee8
@NOOBPMYTV,1,🎉🎉🎉🎉🎉🎉🎉🎉❤❤❤❤❤😊😊😊😊😊😮,B_Mwoch-ee8
@Goraebar_moc,1,일부러 진짜 안맞추는거 같은데 ㅋㅋㅋㅋㅋ,B_Mwoch-ee8
@Jin-z6s6o,1,숀이다,B_Mwoch-ee8
@user-mt4rn9ex5h,1,약 9천만명에서 1억명된 외국 유튜버구만 컨텐츠 보니까 재밌음 ㅋㅋㅋㅋㅋㅋ,B_Mwoch-ee8
@user-rq8os5vx6z,1,왜하는건데 이거,B_Mwoch-ee8
@저격총,1,누가봐도 사탕인데..,B_Mwoch-ee8
@장윤희-s1x9h,0,구독중,B_Mwoch-ee8
@오명현-i6x,0,ㅋㅋㅋㅋㅋㅋㅋㅋㅋㅋ ㅋㅋㅋㅋㅋ ㅋㅋㅋㅋㅋ ㅋㅋㅋㅋ 아 나 진짜 사나이 꿀 😂😂😂😂😂😂😂😂😂😂😂😂😂😂😂😂😂😂😂😂😂ㅋ😂😂ㅋ😂ㅋ😂ㅋ😂ㅋ😂ㅋㅋ😂ㅋ😂ㅋㅋ😂😂ㅋ😂ㅋ😂ㅋ😂ㅋ😂ㅋ😂ㅋ😂ㅋ😂ㅋ😂ㅋ😂😂ㅋㅋㅋ😂😂ㅋㅋ😂😂ㅋ😂ㅋ😂😂😂ㅋ😂😂ㅋㅋ😂ㅋ😂😂ㅋ😂ㅋㅋ😂ㅋㅋ😂ㅋ😂ㅋ😂ㅋ😂ㅋ😂ㅋㅋ😂ㅋ😂ㅋ😂😂ㅋㅋㅋㅋㅋ 😂ㅋ😂ㅋㅋ😂ㅋ😂ㅋ😂ㅋ😂ㅋ😂ㅋ😂ㅋ😂ㅋ😂ㅋ😂ㅋ😂ㅋ😂ㅋ😂ㅋ😂😂ㅋ😂ㅋ😂ㅋ😂ㅋ😂ㅋ😂ㅋ😂ㅋ😂ㅋ😂ㅋ😂ㅋ😂ㅋ😂😂-😂 😂😂😂😂😂😂😂😂😂😂😂❤-❤-❤😂😂😂,B_Mwoch-ee8
@모수빈-j9u,0,6,B_Mwoch-ee8
@김상열-w9q,0,2번재,B_Mwoch-ee8
@박승수-r8n,0,그거라지마세여무서워,B_Mwoch-ee8
@맹짭시티,0,진짜 영상 펴오면 벌금1000만원이상  하면 안돼나,B_Mwoch-ee8
@이자슥아-h4t,105,야오밍이 존경받는 이유지. Nba에서도 파울콜이 극단적으로 안불렸지만 크게 항의한적도 거의 없음. 야오밍은 진짜 인정함.,_d3JSdOO5p0
@태양의꿈,54,진짜 야오밍은 찐임...,_d3JSdOO5p0
@windflower6551,42,그래도 솔직하게 인정하는게 좋네 치졸하게 얍삽이 써놓고 아닌척 하는것 보다,_d3JSdOO5p0
@jonathanhan713,33,그 당시 야오밍은 저렇게라도 안막으면 우리나라 선수중에 막을 사람이 아무도 없었음 ㅋㅋㅋ  서장훈이 총대메고 최선을 다해 안막았음 우승이고 나발이고 중국한테 또 졌을거임;;,_d3JSdOO5p0
@장호재-u2q,18,감사합니다   수고하셨습니다,_d3JSdOO5p0
@까만괭,17,야오밍은 인정이지,_d3JSdOO5p0
@user-is9ni7mf8f,13,저리 해놓고 그 경험을 삼아 하승진에게 비슷한 반칙을.........,_d3JSdOO5p0
@tov6660,12,90년대 농구장 가서 직접 본 기억으로 키 180대후반 농구선수한테 서장훈이 야오밍 같은 존재였죠 서장훈 키가 워낙 커서 일반 선수들은 상대가 안되었던,_d3JSdOO5p0
@냉장고에잠금장치,11,서장훈선수 경기때 얼마나 당했으면 현역 시절땐 진짜 얼굴에 독기가 가득했음 그런데 지금은 너무 사람 좋고 온화함 그래서 나는 생활 스포츠는 좋아도 프로리그는 살벌하고 험해서 싫어함 비정해서 필요없음 팔아버리고.,_d3JSdOO5p0
@빠른피로회복,5,근데 생각해보면 서장훈 반칙 당할때 리액션은 크게해서 오바 쩌네~ 그런생각은 했을지언정 본인이 비매너 파울이나 심하게 한 파울은 거의 기억에 없고 못본것 같긴하네요,_d3JSdOO5p0
@makhachevesong,4,중국에서 몇안되는 인정할만한 인물중 하나가 야오밍,_d3JSdOO5p0
@sadcreep-,4,그만큼 언터처블이었다는거지…대한민국은 그나마 천운인게 현주엽 서장훈이 현역으로 있던 시대라서 이긴거라고 봅니다. 다른세대 어느 듀오보다 서현듀오는 한국국대 최고라봅니다.,_d3JSdOO5p0
@대한법률학원,4,허재와 장훈이 경기에서 늘 허재가 화냈지,_d3JSdOO5p0
@튼실한방울뱀,2,야오밍의 대륙의 영웅임,_d3JSdOO5p0
@segonkim6659,2,야오밍 휴스턴 영구결번 아시아의 영웅임,_d3JSdOO5p0
@김광휘-v6y,2,야오밍이 국대 뛰면서 아시아팀에게 유일하게 진 경기,_d3JSdOO5p0
@김형동-n5s,2,Nice 서장훈.독할때도 있어야지 ㅋㅋㅋ,_d3JSdOO5p0
@반박시니가틀림-g8q,2,그니까 남들은 너한테 그렇게 하는거야. 남들이야 니보다 작으니까 실력적(?ㅋ)으로 이길 수 있다고 생각하시겠지.,_d3JSdOO5p0
@s맨발이모르는걸제가,1,일본은 이치로 중국은 야오밍 한국은 이봉주,_d3JSdOO5p0
@sjsknight1,1,맞습니다. 장훈이형이 아니었어도 NBA에서 ㅋㅋㅋㅋ 호되게,_d3JSdOO5p0
@코코몬-p8z,4,저런거 한번씩 해주면 수비 시프트 못하지,a_gk1U8IC_g
@사라진기억-c1d,4,ㅋㅋ 해설도 이래야 하는맛나지 ㅎㅎㅎㅎ,a_gk1U8IC_g
@유정종-y3r,3,정말 국뽕이차오른다 대한민국만세다.,a_gk1U8IC_g
@yhso4550,3,시프트 못하게 하려고 한번 보여준듯,a_gk1U8IC_g
@어른이대공원-c1h,3,이발했네 정후,a_gk1U8IC_g
@김충원-p7l,2,시프트 ㅇㅇ 잦까,a_gk1U8IC_g
@qwerty-uiop777,2,홈런 친거만큼 도파민 터진다 통쾌유쾌해🫶,a_gk1U8IC_g
@zoom8279,2,와우 ~~~~~~~ 미친센스 대박이내  이러니 바람의손자지 ㅎㄷㄷㄷㄷㄷ,a_gk1U8IC_g
@로얄제리-l4y,2,이것으로 앞으로 상대편은  수비시프트 할지 안할지 고민되것지. ㅋ,a_gk1U8IC_g
@SKULL_TEKKEN,2,잘한다 잘한다 하니까 미친듯이 잘하는거봐...,a_gk1U8IC_g
@kwak3051,2,이승엽 번트이후 가장 인상적인 번트임,a_gk1U8IC_g
,2,감각이 지린다,a_gk1U8IC_g
@rium_,2,밀어치기 장타도 많이 날리는 선수를 두고 저렇게 시프트를 하다니.,a_gk1U8IC_g
@donggyugang401,2,저게 마음대로 되는거였어?ㅋㅋㅋ 왜 저렇게 쉬워보이지... 웃음만 나네,a_gk1U8IC_g
@JunKKoChoi,1,메이저리그 일본야구 한국야구  수비 시프트 이제 안했으면.... 재미 없음  시프트 극단적으로 하니 저런게 나오는거임  이정후 처럼 저런 플레이 많이 나와서 시프트 개박살 내줬으면함,a_gk1U8IC_g
@dhk42,1,역시 대한민국 최고가 세계에서도 통합니다.,a_gk1U8IC_g
@freeman5730,1,센스도 센스인대  컨택능력이 대단해야 순간 번트쳐도 정확히 3루 간다는건데 ㄷㄷㄷ,a_gk1U8IC_g
@Clippers1030,1,이정후 매드무비 하나 추가요~!,a_gk1U8IC_g
@세상배려,1,천재다,a_gk1U8IC_g
@김충원-p7l,1,천재,a_gk1U8IC_g
@도르띠아,266,자기도 기분좋고 저누나도 기분좋고 보는사람도 재밌고 그냥 미쳤다,YfVT4e10roA
@뮤탈,190,"기분 좋았잖아  한잔해",YfVT4e10roA
@난권력에빌붙는판사,84,아니에여 이미 하나 잡았고 두번째 공을 준겁니다 원본영상 해설가 말하는거 보시면 알 수 있어요,YfVT4e10roA
@Booggomee,58,1. 회차:평범한 인생 2. 회차:마술사 3. 회차: 마술 써먹기,YfVT4e10roA
@인생-y2w,58,이걸 두마리 토끼 다 잡네;;  쟤랑 싸우면 질듯;;,YfVT4e10roA
@jykkk-l5z,33,표정관리까지 완벽 그 자체😮,YfVT4e10roA
@아빠쿵야,18,대단한 넘... 멋진 트릭으로 누나에게 점수 따고 실속까지 챙기고.... 부럽다.. 너의 사기성이....,YfVT4e10roA
@drpressed69,13,누나 8년만 기다려줘,YfVT4e10roA
@송우진-k5p,7,크게 될 놈이구만 ㅋ,YfVT4e10roA
@남종희-c9j,4,연상킬러....ㅋㅋㅋ,YfVT4e10roA
@최장훈-b6c,4,이 새뀌 플러팅..배울만하다...,YfVT4e10roA
@모구모구,4,제갈공명의 dna,YfVT4e10roA
@hyunlee4735,3,잡은척까지 하고 주네 ㅋㅋㅋㅋ,YfVT4e10roA
@바라기-b3b,3,벌써 밑장빼기 마스터했네,YfVT4e10roA
@케인리,2,과유불급을 아는 아이 인가~ ㅎ,YfVT4e10roA
@뚜따-c6i,1,츄 박보영,YfVT4e10roA
@marcusk916,1,평경장 저기서 태어나셨소,YfVT4e10roA
@B2y-qk4fh,1,캬.. ㅋㅋㅋ,YfVT4e10roA
@강광배-i3z,0,밑장을 뺀다고?,YfVT4e10roA
@이대원-g2p,0,전회차  애인이였음 ㅋㅋㅋㅋ 일찍죽어ㅜ환생해서  어린나이일뿐 ㅋㅋㅋ,YfVT4e10roA
@booeuer,571,나 골키퍼 안 해,RL-Kxoi_m88
@김정규-z3d,464,니가 힘들어야 시청자가 행복한거야,RL-Kxoi_m88
@under-s6h,462,재.미.가.없.는.데 <ㅡ이 대사랑 톤이 ㅈㄴ 귀엽네 ㅋㅋㅋㅋㅋㅋ,RL-Kxoi_m88
@MSYForever1,78,부이어 개귀엽네 ㅋㅋㅋㅋㅋㅋ,RL-Kxoi_m88
@DS_KKang,43,부이어 뭘해도 웃김 ㅋㅋㅋㅋㅋㅋㅋㅋㅋㅋㅋㅋㅋㅋㅋ,RL-Kxoi_m88
@goodstudent7140,40,와 깔끔하게 들어가네,RL-Kxoi_m88
@안뇨옹-w6c,16,차는사람이나 요구한대로 다이빙뜨는사람이나ㅋㅋㅋ 대단하다진짜ㅋㅋㅋ,RL-Kxoi_m88
@괘누,8,와 ㅋㅋㅋㅋ 진짜 잘때린다,RL-Kxoi_m88
@박승하-m1d,7,킥 좋네ㄷㄷㄷ,RL-Kxoi_m88
@이준서-g3k6m,6,부이어 최고야!,RL-Kxoi_m88
@할타,5,궤적이 대박이다 👍,RL-Kxoi_m88
@NA_utumn,4,요즘 몸 풀 때마다 킥 저렇게 때리시는 분들 너무 많아져서 pk 마냥 골라인에 서서 막고 있ㅅ습니다 감사합시발니다,RL-Kxoi_m88
@VAR판독기,4,부이어를 칩슛으로 뚫을 수 있는 유일한 남자 리오넬 메시,RL-Kxoi_m88
@고탄수화물,3,멀리서 보면 희극  가까이서 보면 비극,RL-Kxoi_m88
@user-vn9js9yn1j,2,수직 점프력이무슨 초3수준이네,RL-Kxoi_m88
@soccergood4,2,실험용 골키퍼 ㅋㅋ,RL-Kxoi_m88
@당근이-i7p,1,그냥 킥 정확도 ㅁ1췄는데,RL-Kxoi_m88
@이스티-q8e,1,칩샷을 하는데 당연히 백다이빙 떠야막지  그걸 꼭 말로 해야 알아? ㅋㅋ,RL-Kxoi_m88
@이태헌-t1j,1,띄바~! 안.된.다고 ㅋㅋㅋㅋㅋㅋ,RL-Kxoi_m88
@SOO7-17,1,감각보게,RL-Kxoi_m88
@역사탈탈,1378,결과적이지만 알도가 너무 성급하게 승부를 걸었는데  경기 전부터 코너가 계속해서 걸었던 신경전의 결과이기도 했음,oj2sLAV1sOw
@powerj1190,772,이때 유료채널이라 3분만 볼수 있었는데 시작하자마자 끝나서 개꿀이었음,oj2sLAV1sOw
@bluebet,541,저 때 맥구 도파민 진짜 미친듯이 터졌을거 같음 예상했고 예상대로 흘러갔고 이겼으니 저 정도면 세상 전부 씹어 먹을듯한 기세가 안생길수가 없을듯,oj2sLAV1sOw
@BCA-lu3bj,293,저당시에 운전병교육받을때 동기들이랑  몰래봄 이거 전 경기가 와이드먼 락홀드로 기억하는데 5라운드까지갔었나 오래걸려서 개쫄렸는데 코너가 금방 끝내줘서 충격과 함께 고마웠음,oj2sLAV1sOw
@정영호-m5l,160,시험보기 5분전에 본 문제가 실제 나온상황,oj2sLAV1sOw
@JinGuppy,128,저때 맥구는 자신감과 낭만이 넘칠때지.. 지금봐도 멋지다.,oj2sLAV1sOw
@leoreoleo585,105,알도 버릇이 뒷손 앞손 으로 가는 패턴을 많이 쓰는데 그이유가 자신있는 레그킥까지 가는 콤비네이션때문에 많이씀.  사우스포인 코너와는 최악의 상성인거지,oj2sLAV1sOw
@자덕1일차,42,푸틴한테 어깨동무하고 홍차 한잔할뻔한 운동선수,oj2sLAV1sOw
@하헌용-r8n,41,찬성이형이 저걸 연습했어야했는데...,oj2sLAV1sOw
@the_redape,21,얼마나 상대 분석을 빡시게 많이 한거냐….. 대단하네….,oj2sLAV1sOw
@user-eh1wc7hn1m,14,미스틱맥 시절의 맥구는 격투의 신 그자체임,oj2sLAV1sOw
@Kim-zm8by,9,정확한 분석으로 잘 준비한거였네,oj2sLAV1sOw
@wonjin1612,8,심리전으로 흔들고 완벽분석 이길수밖에없었네,oj2sLAV1sOw
@michaeas,4,코너가 조제를 혹은 맥그리거가 알도를 이렇게 부르는게 맞죠,oj2sLAV1sOw
@무한대-h1r,3,결국 머리 싸움👊👊👊,oj2sLAV1sOw
@누가5야,3,멕구가 프리티보이 말고 ggg랑 붙었으면 정말 재밌었을텐데..,oj2sLAV1sOw
@정재민-j4n,2,이때 인터뷰가 오졌지 ‘파워가 스피드를 이기고 민첩함이 반응속도를 이긴다’,oj2sLAV1sOw
@아주도아염,2,진정한 개거품임 알도,oj2sLAV1sOw
@NatureClips4,2,정찬성은 알도한테 깨졌다. 어깨만 안빠졌어도 이겼다.. 안빠졌어도..,oj2sLAV1sOw
@lazwool,2,페더맥은 깔수없다,oj2sLAV1sOw
@김형준-p9s,27,푸욜은 사람자체가 멋짐 진짜 어른,IziEpBA1yUA
@i9딸용YJ야듕R모음9,3,ㄷㄷ 대단한 것은 사실이야!,IziEpBA1yUA
@페더엘리어스,2,푸율은 넥슨 메치에서도 ㅈㄴ 열심히  뛰더라 팬 서비스도 잘해주고,IziEpBA1yUA
@단팥빵-v3z,2,푸욜은 말이야 평화를 사랑하는 지구방위대이며 단군할아버지가 널리 인간을 이롭게 하랬더니 바다 건너 스패인으로 기운이 넘어갔음.,IziEpBA1yUA
@공기밥추가금지,1,푸욜. 내게는 역사상 최고의 선수.,IziEpBA1yUA
@뿜뿜-d3v,1,저게 멋있는거지 배우고갑니다,IziEpBA1yUA
@가을봄해,1,푸욜이 발롱도르 못받은게 너무 오바양...,IziEpBA1yUA
@얼음-c8z,1,푸엄마 👏,IziEpBA1yUA
@user-캬캬캬,1,근데 세브첸코한테는 왜..ㅋㅋ,IziEpBA1yUA
@JJY-r9t,1,푸욜 특 : 푸욜이 화나면 진짜 ㅈ나 심각한거임 오히려 상대선수들이 당황하고 사과함,IziEpBA1yUA
@야스-e3r,1,카탈루냐의 심장 ❤,IziEpBA1yUA
@Mengtag,0,생긴건 맞는 순간 스터너 갈기고 앵글락 걸것같은데. 역시 사람은 외모로 판단하면 안됨,IziEpBA1yUA
@쿨피스-n4t,0,라모스랑 같이 국대뛴것만으로도 인성 인정,IziEpBA1yUA
@megami2998,0,내가 느꼈던 최고의 오른쪽 윙백 센터백일때는 제공권이나 성급한 태클등 단점이 부각되는데 오른쪽 윙백으로 아주 간간히 뛸때는 적극성 활동량 수비력 장점만 부각됨,IziEpBA1yUA
@woogiejoe3942,0,사진찍는거 ㅋㅋㅋㅋ 레전드다 진짜,IziEpBA1yUA
@삼병호TV,0,푸욜은 걍 오타니급의 인성이다,IziEpBA1yUA
@edan7576,0,노사연 누나 현역시절 쩔었지..,IziEpBA1yUA
@윤찬수-j5y,0,존중받아마땅하다,IziEpBA1yUA
@구스-h1w,0,진정한 리더,IziEpBA1yUA
@코봉이,0,팀원탓하는 누구랑은 다르네,IziEpBA1yUA
@닉네임-k6v,1,될놈 됨~~~~~,uOkde4gQ998
@카eg디뷔,1,될놈될 ㅋㅋ,uOkde4gQ998
@bosttl,1,농구의 황제 마이클 조던  핵주먹 마이클 타이슨  단거리 제일 빠른 우사인 볼트  장거리 제일 빠른 킵조게  바디빌딩 고트 로니콜먼  골프 황제 타이거 우즈.. 이들의 공통점은?,uOkde4gQ998
@justarandomchan,0,Goddess 가 아니고 Goodness,uOkde4gQ998
@내삶의리더,0,지린다~~  낼 란딩 성공적이길😂😂,uOkde4gQ998
@worbell,0,just do it,uOkde4gQ998
@트리플A-b1b,0,승리의   여신이  힘좀 쓴 게 보임,uOkde4gQ998
@frog_golf,0,그때 타이거가 볼빅 볼을 썼으면 대박인데...ㅋㅋ,uOkde4gQ998
@sangminsong3992,0,거의   일부러  광고료 노리고 쳤네.....   기가 막히는 구만...,uOkde4gQ998
@morganj.p3646,0,당시 조던 힝기스 호돈신 우즈 샘프라스 아가시 마이클 창  톰브래디 웨인츠키 새미소사 맥과이어 낭만이 있던 시절,uOkde4gQ998
@불사조-h5w,0,운도 따랐을 수도 있지만 이거 보고 골프 황제 맞다고 인정함~,uOkde4gQ998
@user-MK6974,0,나이키 모르는 사람 없을건데 저 1.5초 멈춰서 나이키 로고가 보인게 그렇게 큰 효과가 있다니...,uOkde4gQ998
@멀쩡한놈,0,저건 그냥 신 또는 우주가 도운거지 ㅋ,uOkde4gQ998
@앙오분띠,0,"just do it",uOkde4gQ998
@ahfksmsrjdi,0,빅캣,uOkde4gQ998
@gickclock4757,0,공: 자~드가자 드가자~~~아! 잠깐잠깐......광고보고가실게요. (나이키),uOkde4gQ998
@ne______dIlIIIlIl___IlIark,0,저때 espn이였나. 보면서 말도 안돼. 말도 안돼. 말도 안돼. 설마. 설마. 설마. 실패인가. 실패인가. 와....... 하면서 시간이 멈추고 움직일수도 없는 상태에서 온 몸에 소름이 쫙,uOkde4gQ998
@남아마,0,나이키 골프 철수함 ㅋㅋㅋㅋㅋㅋㅋ,uOkde4gQ998
@deangding9793,0,공이 홀안으로 들어가면서  Just do it !!! 하는거같다,uOkde4gQ998
@cchocopie,0,나이~~~야 가라~~~!!! 폭포수 처럼 떨어지네요,uOkde4gQ998
@GO-re7rm,215,확대라는말에 눈과 귀를 의심해봤다ㅋㅋ,I5VpemokHxc
@늑댕-댓글로1만가기,93,확대가 아니라 축소겠죠..?,I5VpemokHxc
@트랄랄라-n6t,66,이게 어떻게 확대입니까ㅋㅋ 축소죠ㅋㅋㅋㅋㅋ,I5VpemokHxc
@k.o34,15,양산형 쇼츠유튜버는 그냥 딱 거기까지다,I5VpemokHxc
@심지형-x7v,4,사진작아야 놀리지말자,I5VpemokHxc
@이민-i2u,3,이게..발롱 후보..?,I5VpemokHxc
@wisemannatti4281,1,이장면은 메롱도르 수상 후보.,I5VpemokHxc
@sonul_777,1,축소 아닌가요?,I5VpemokHxc
@축신hoo,1,와우 1빠다 헛다리다,I5VpemokHxc
@user-zh1pg2tm2m,0,더빙조차 안하는 날먹  양산형 브금  그냥 노잼 에휴,I5VpemokHxc
@임아준-p7n,0,축소임,I5VpemokHxc
@검색-k8k,0,이런 애들이 유튭을,I5VpemokHxc
@QpapQapa,0,지능 떨어지는 틀땈들도 ai목소리써서 가짜뉴스를 남발가능하다는걸 보여주는 아주 유용한 영상이네요~,I5VpemokHxc
@QpapQapa,0,능지 냄새나네,I5VpemokHxc
@whdqlsdla6238,0,확대 일불로 노림거죠..?,I5VpemokHxc
@siheon00,0,빡대가리,I5VpemokHxc
@호날두-m3t,0,확대가 아니라 축소,I5VpemokHxc
@정세윤-h3i,0,역시ㅋㅋㅋㅋ,I5VpemokHxc
@바라던바-z9k,0,역대급 거품,I5VpemokHxc
@매거리거,0,어떻게 이런 숏츠 하나로 이렇게 머리 안좋은걸 다방면으로 티낼 수 있지,I5VpemokHxc
@um.........6046,265,더티 복싱의 대가 고트 메이웨더,dxdtRuS6jf0
@양손잡이야,95,모슬리가 워낙 빠르니까 가능함. 모슬리는 원투가 저런식으로 워낙 짪고 빠름.,dxdtRuS6jf0
@leepoo-ef6rd,86,솔직히 짜친다고 해도 할말없지만 저건 그냥 노련한거라고 보는게 더 맞는 듯. 저 순간에 저런 판단을 못해서 다운당하는거라,dxdtRuS6jf0
@LovelyIHI,68,팔을잡은건 반칙이지만 위기대처 능력은 대단하네,dxdtRuS6jf0
@I9얏둉저장소5bk1,48,다운당할 뻔했으면 팔 힘이 안 들어가서 붙잡기 힘들었겠다 ㅋㅋ 그 클린치는 추가타를 막으려고 한 거 같아!ㄷㄷ,dxdtRuS6jf0
@코코코코아-v9c,33,드럽게 반칙으로 이겼네,dxdtRuS6jf0
@belleisure-y7k,29,저런거 한두번본거 아님 정말 추접하게 게임함 세상에서 제일 드러운선수 무패? 저런거 봄 의미있나?,dxdtRuS6jf0
@junsun227,28,메이웨더 방어도 천재네,dxdtRuS6jf0
@겨울-n8u,15,복싱을 볼 때면 무에타이와 레슬링이 왜 강력한지 알게됨. 클린치 반칙은 무적이다,dxdtRuS6jf0
@eric32572,11,정신력이라해야죠 이건... 뭔 반칙이여 턱 제대로 맞았는데 기절안하고 정신 붙잡는거 지리는구만,dxdtRuS6jf0
@잼-g4v,10,지저분한 레전드,dxdtRuS6jf0
@park4900,4,메이웨더는 스포츠 스타가 아니다 메이웨더는 그냥 돈 버는 데 뛰어난 사람이다. 줄여서 말하면 돈 벌래,dxdtRuS6jf0
@김색수-o9s,3,이걸 반칙이라 하는사람들은 뭐냐 반칙이었으면 심판이 불었겠지;; 심판이 봤을때도 문제없으니깐 넘어가고 한건데 대체 뭐가 불만인거냐 자기가 정신 잘차려서 버틴건데,dxdtRuS6jf0
@mansamusa2025,2,AI 대답 : 복싱에서 팔을 잡고 늘어지는 행위는 클린치 상태로  경기 중 상대방의 리듬과 공격을 방해하거나 시간을 벌 수 있는 전략적인 수단입니다. 하지만 무한정 늘어지거나 클린치 상태를 유지하는 것은 반칙으로 간주될 수 있으며  심한 경우 경기 중지 또는 반칙패의 위험이 있습니다.,dxdtRuS6jf0
@허웅식-t5v,2,위기관리능력이 좋았다고 보시면 될듯? 클린치로 다운 회피한 개념이니까,dxdtRuS6jf0
@김삿갓-c7c,1,꼼수의 1인자,dxdtRuS6jf0
@990-c3m,1,저순간을 위해 얼마나 분석을 했을까?? 진짜 대단하다.,dxdtRuS6jf0
@neowillneowill3728,1,실력은 인정한다. 그런데 더티플레이도 인정한다.,dxdtRuS6jf0
@Abccdfghh,1,왜 내 댓글이 사라졌지??,dxdtRuS6jf0
@aceKiller-gs1ir,1,꼼수? 허용되잖아 저것도 기술이지 모,dxdtRuS6jf0
@카인R하인라인,1362,좋은 경험했다 생각해야지 공식경기 아닐때 저런거 나오면 오히려 감사해야됨 알고 고치면 되니까,Gpz7f9STaLI
@NEW_I9X_딸슐랭_뉴에디션,861,*경험을 밑거름 삼아 더 나은 선수로 성장하길 바란다!*,Gpz7f9STaLI
@mintwhaleno3,833,포수 손가락 ㅈ될뻔햤넼ㅋㅋㅋㅋㅋㅋㅋ,Gpz7f9STaLI
@jiwon919,545,인터페어는 잘 모르고 있었는데 덕분에 처음알게됨,Gpz7f9STaLI
@amumu2220,269,이 투수랑 포수는 이때 경험 평생 못 잊을 듯,Gpz7f9STaLI
@김창현-h6p,106,사랑의 배터리가 아니고 환장의 배터리.,Gpz7f9STaLI
@b.r.g7070,83,투수가 공 흘리는건 처음 보네ㅋㅋㅋㅋ,Gpz7f9STaLI
@I9X_육뼌기_TH07p,61,포수 손가락 ㅈㄴ 빨리 꺾일 뻔했네 ㅋㅋㅋㅋㅋ,Gpz7f9STaLI
@YmayoY,38,ㅋㅋㅋㅋㅋ 이런일은 왜 박용택에게만 일어나는가,Gpz7f9STaLI
@김이름-w5i,32,아직 학생들이고 아직 실수 많이 할 때 입니다 직관해봤는데 카메라 수십대에 스텝에 진짜 안할 긴장도 하게 만드는 현장입니다.,Gpz7f9STaLI
@유클레아,23,공 떨궈서 보크하는거 일부로 했던 투수있지않나 2루주자가 사인훔치는거같으니까 일부러 했다는거 본거같은데,Gpz7f9STaLI
@항산기,16,긴장 많이했나보네,Gpz7f9STaLI
@lIIlIllIIl-r3t,12,프로가 저러면 욕 먹는게 당연하지만 아직 한참 배울 학생들에겐 격려와 응원을 해주는게 맞지 저걸 또 한걸음 발판 삼아 좋은 밑거름이 되는거고,Gpz7f9STaLI
@e_e-e.e_e8871,9,인터페어 ㅇㅈㄹ 맞을래 니네?😊,Gpz7f9STaLI
@P관용,8,고등학생들이 몬스터즈와 시합을 하면서 이것저것 배우고 경험하는것이 큰도움되서 멋진 선수가 되었으면 좋긋네,Gpz7f9STaLI
@황현웅-z5o,8,배터리가 세트로ㅋㅋ,Gpz7f9STaLI
@minsuk0426,7,인터페어(포수 타격 방해)롯팬이지만 우리도 잘 보는 일이 아니라 흔한 일은 아니긴 함 그래서 잘 모를 만도 함 23년 LG 한화전에서 나온 이후로 잘 안 나오는데 당시 판정(오심 인정)이 최재훈 이후로 잘 안 남 그 이후로 인터페어 없는 거 보면 경험 미숙 정도?,Gpz7f9STaLI
@태양-11010,6,잘커봐야 한화겠네,Gpz7f9STaLI
@Hikarino1004,5,장충고 애들아 왕족발보쌈 많이 먹고 성장해라,Gpz7f9STaLI
@다잘알,4,교육자료인가요?,Gpz7f9STaLI
@찬이-l8c,606,ABS 도입하고 심판들 꿀잼같음ㅋㅋ 야  이 놈아 이것도 삼진이다 하고 냅다 삼진콜 땡겨버리면 ㅈㄴ 재밌을듯 ㅋㅋㅋ,4_-mNWhycwc
@justinpark71,67,극 T인 ABS만 당황하지 않음. 역시 믿음직함.,4_-mNWhycwc
@샤이보이-y3z,33,옛날같았으면 멱살잡고 심판하고 싸우는데 ABS가 신의한수다,4_-mNWhycwc
@렛츠기릿-f4b,12,몸쪽꽉찬직구 ㄷㄷㄷ,4_-mNWhycwc
@Kimminj-t3r2z,10,사실 abs로 보면 ㅈㄴ억까 스트도 아님 걍 잘들어간 공임ㅋㅋ,4_-mNWhycwc
@ssto4427,9,양의지도 포수 일어나는거 분명 의식하고 높은 공 예상했을거 같은데..ㅋㅋㅋ 어이상실,4_-mNWhycwc
@jun-hokang2310,6,정혜영 진짜 개불안하다 거의뭐 김재윤급이니,4_-mNWhycwc
@lym091824,5,ABS만 이해한 타구ㅋㅋㅋㅋ,4_-mNWhycwc
@유랑-b7t,5,진짜 정해영 커맨드 개구리네ㅋㅋ 직구 위력이 쎄지도 않은데 커맨드까지 구리니 높은 평가를 못받지ㅋㅋㅋ,4_-mNWhycwc
@필로-x8c,3,포수자세가 무너져서 그렇지 공잡은 글러브위치보면 스트 맞음ㅋㅋ,4_-mNWhycwc
@danielchoi8262,2,삼진 맞아요. 옛날이면 볼 이겠지만요.  포수가 서 있다가 잡아서 더 낮아보이는거지요...  저게 볼이냐 스트냐 보다 안 빠트리고 잡은 포수 칭찬해야 함. 양포는 빠트렸을지도 모름.,4_-mNWhycwc
@CalmWaves_21,2,*)9회말 1사 만루 상황이었다 ㅋㅋㅋㅋㅋ,4_-mNWhycwc
@용용-i7c,2,근데 이건 받는걸 저렇게 받아서그렇지 코스 기가막히긴하네 ㅋㅋ,4_-mNWhycwc
@user-hie_rong,2,상대방을 속일려면 자신의 팀부터 속여라..,4_-mNWhycwc
@시골신사-u9t,1,스트인정 투수는 지실수를 기가 차게 잡아주니 웃기고,4_-mNWhycwc
@사과는사과주스-u4l,1,정혜영 던지고 나서 어이없어서 웃는 거 진짜 웃김ㅋㅋㅋ,4_-mNWhycwc
@김현석-x1b,1,인간의 눈으로 절대 잡아낼수 없는 삼진,4_-mNWhycwc
@YuTaeSeoung,1,얼떨결에 삼진 하나 잡네..ㅎㅎ 얼척없네..😅,4_-mNWhycwc
@조세영-l6p,1,영점도 못잡은 기아의 마무리 ㅋㅋ,4_-mNWhycwc
@로그인투자tv,1,수없이 어긋난대도 기다릴게~ 가슴 아파도 웃어볼게~,4_-mNWhycwc
@musikan18,44,천하무적 부~~웅~~신~~~,wD0jvW8KsY8
@han-i4h9g,43,그것도 경험이 필요하단다...쟤는 저짓한걸 반성하는게 아니라  저짓을 더 잘하려고 노력할듯...,wD0jvW8KsY8
@reonar-do-w3p,29,관상은 과학이다,wD0jvW8KsY8
@주댕이는타이슨,28,상대를 얕보고 방심하는 순간 뒤처지는게 만고의 진리~,wD0jvW8KsY8
@빅보스송신,25,ㅋㅌㅋ아시안게임 할때 생각나네 뭐였지 롤러스케이트 군면제 걸려있었는데 결승선 앞에서 세레머니하다가 역전패 당해서 팀원들 군대보낸 역적ㅋㅋㅋ 심지어 세레머니한 선수만 군필이었음,wD0jvW8KsY8
@chiro2560,21,이런 짓 우리나라에서는 거의 매장.,wD0jvW8KsY8
@카벤디시,16,어디서 못된 거 부터 배워가지고ᆢ,wD0jvW8KsY8
@유재익-b6c,11,애야!! 너 같은 짓을 한국에선 김치 국 마시지 말라고 한 단다,wD0jvW8KsY8
@KimCute10,10,벙슨ㅋㅋㅋㅋ,wD0jvW8KsY8
@jeongchoi5533,7,저거 한 몇초 덜뛴다고 얼마나 에너지가 세이브되려나,wD0jvW8KsY8
@비켜라운명아-l8m,5,항상 겸손해야지 ~,wD0jvW8KsY8
@cchocopie,5,아니 누가 언제부터 chill 이라는 단어를 썼다고   칠~ 그러면 영어 잘 하는 줄 아나? 영어도 못하는 인간들이 더 chill~ 나대는 것 같아 기분 참 아햏햏 하네  쀍~ 그럼 목성~,wD0jvW8KsY8
@jaehohong4534,3,비용 신,wD0jvW8KsY8
@오광택-k8u,3,한국 롤러  생각나네.,wD0jvW8KsY8
@하이슬렁,3,건방떨고있네 ㅉㅉㅉ,wD0jvW8KsY8
@큰실장,3,배가 불렀네.,wD0jvW8KsY8
@낙동강유역,2,스포츠를 하는 애들은 출석일수와 기본성적을 받아야 하는걸 본듯,wD0jvW8KsY8
@야웨-d4e,2,건방을 떨면 안된다.,wD0jvW8KsY8
@kimkaphan3,2,반전이 나이네,wD0jvW8KsY8
@happyhan608,2,쌤통이다. ㅋㅋ😅,wD0jvW8KsY8
@sookim1984,63,허인회 프로가 짱이네.,yb3QHWBd-qE
@user7639-x9s,39,저렇게 잘 칠 사람은 기본으로 이미 잘 침.,yb3QHWBd-qE
@엉클-포리,20,잠시 유행일뿐 순정으로 돌아감,yb3QHWBd-qE
@아이마르-k4p,18,비나이다타법이 웃기겠지만 나름 스윙메카니즘은 다들어가있음ㅋ,yb3QHWBd-qE
@iiiminjyiii,15,비나이다 고급진버전인가,yb3QHWBd-qE
@k-excavator,8,제가 지금 저스윙으로 볼속 74나오고 평균 70이상으로 드라이버 날리는데 단점은 방향성이 그리 좋지 않습니다.  아이언도 남들보다 10~30미터 이상 차이납니다.,yb3QHWBd-qE
@ericsong2920,7,허인회가 저렇게 치는거 였구나...,yb3QHWBd-qE
@CJPWorld,7,매튜 울프 스윙인데,yb3QHWBd-qE
@haruuuuus,7,지투어프로중 조예진프로가 저폼 비슷하던디,yb3QHWBd-qE
@doubleh6434,5,송단프로 좌회전 우회전?,yb3QHWBd-qE
@minhyuyu365,3,원래는.. 이 스윙을 발전시킨 조지 갱카스 코치 이름 따서 GG 스윙이라 하는걸로 압니다.,yb3QHWBd-qE
@국밥-i7i,3,댓글 수준보고 자신감 업,yb3QHWBd-qE
@베르바토프-o7w,3,이현민프로가 오래전부터 레슨해주던 스윙..,yb3QHWBd-qE
@정주영-t9b,3,허인회,yb3QHWBd-qE
@hongsmath,3,이건 지지스윙이죠 GG,yb3QHWBd-qE
@최형철-g5q,3,8자스윙 10~20년전에 잠깐 유행?? 했었조 찾아보면 유튜브 레슨영상도 있어요 몸이 유연하지 않은분들이 아크를 키워 비거리 내기에 좋다고 들었는데 굳이 배울 필요는 없다고 생각합니다,yb3QHWBd-qE
@dhfQoal,2,백스윙은 달라도 다운스윙은 거의 같음 그게 핵심임,yb3QHWBd-qE
@Captain-monkey,2,곤봉 돌리듯 왼손울 돌리면 됨. 단  타이밍 못 맞추면 뒷땅...,yb3QHWBd-qE
@realg7217,2,어 나 그냥 혼자 연습하면서 이렇게 저렇게 이상한시도 하다 저방법으로도 쳐봤는데 드라이버 죄다 심하게 찍어버려서 포기했던건데 ㅠㅠ,yb3QHWBd-qE
@찰리브러워,2,백스윙만 다르고 다운스윙은 프로들과 다른게없는듯,yb3QHWBd-qE
@kkkra,1248,어.. 방송을 경기만봤는데 어제경기였나 보군요.. 너무좋네.. 저 두선수 매년 겨울에 추모하는 주점도 열고 했던거같은데. 멘트도 좋고 엠알없는 노래도 좋네요. 명복을 빕니다,yQCdXoNuCWU
@haib68,918,권성욱 캐스터 진심 매번 경기전에 멘트하는거 하나하나 주옥같음 목소리도 좋고 너므 좋으심,yQCdXoNuCWU
@1분야구,523,댓글보고 진짜 너무하다는 생각이든다..  고인이된 이두환 선수를 친구들이 잊지않기위한 마음일텐데  그런 의미를 담았다는 영상에 조롱섞인 댓글은 수준 떨어진다고 느껴집니다,yQCdXoNuCWU
@안동기-v9c,509,오프닝 멘트는 누가 뭐라 해도 권성욱 캐스터지... ㅈ 간지임...,yQCdXoNuCWU
@이즈나,468,대사 넘 좋네요...,yQCdXoNuCWU
@KokotdakKoko,245,이두환 선수의 명복을 빕니다... 그곳에선 홈런왕이 되길...,yQCdXoNuCWU
@이름-x4s9b,239,아 황재균 모자에 DH 뭔지 했는데 이니셜이었구나... 멋지네,yQCdXoNuCWU
@자두-e1c,196,멘트 넘 좋다.. 피우지 못했다고 꽃이 아닌게 아니라니  ,yQCdXoNuCWU
@RMA-ge1lj,195,황재균 지타도 아닌데 왜 dh가 써있나 했네,yQCdXoNuCWU
@ddghjjle,113,천개의 바람이라는 말에 이두환선수와 세월호 어린 친구들을 기리는 마음이 담겨있는 것 같아요.,yQCdXoNuCWU
@ehdrndla-c5d,72,경기날이 4/16 이었습니다. 이두환 선수 스토리와 세월호 스토리를 함께 녹여낸 오프닝,yQCdXoNuCWU
@hwjk.o2,48,이두환 선수. 잊지 않겠습니다. 😢,yQCdXoNuCWU
@Leah-yr9tq,45,향년 25세였네요ㅠㅠ 저세상에서 새로운 바람을 만나 활짝 피어났기를ㅠ,yQCdXoNuCWU
@user-ff7un8cy3w,31,이두환 선수 명복을빕니다 부디 그곳에선 편히 쉬세요,yQCdXoNuCWU
@최태민-p8x,28,누가 대투수여?,yQCdXoNuCWU
@dobingee,24,양현종은 사연을 들어서 알고 있었는데 우연히 황재균모자에도 dh적힌거 보고...설마? 했음...황재균 따뜻한 사람이었네,yQCdXoNuCWU
@user-xh7de1eu6i,19,댓글들 수준 진짜ㅋㅋㅋㅋㅋㅋㅋㅋ,yQCdXoNuCWU
@동135-f5n,14,축구보단 별론듯 야구는 감동도없고 걍레저임,yQCdXoNuCWU
@namw.wiki_,13,난 지명타자인줄;;,yQCdXoNuCWU
@김범수-v8c3h,8,대호아니었음?,yQCdXoNuCWU
@Nam_T,4,정성룡 골킥도 레전드인데,77E63r67prA
@thkim6995,3,아 ...시간은 작성자분이 끌셨네요..,77E63r67prA
@태군봉,2,평생 안주거리군,77E63r67prA
@usertetrifersecfuel,2,키퍼가 들고차는 킥은 인 플레이 상황이라 골로 인정됩니다 선수 터치와는 상관없습니다 그래서 영상의 키퍼도 막을려고 한거구요 키퍼가 공을들고 8초안에 킥을 안하면 그 자리에서 간접 프리킥이 됩니다 참고로 골라인 아웃이되어 놓고 차는킥은 간접 프리킥으로  직접 들어갈 경우 노골입니다 키퍼가 공을 잡은후 들고있다가 바닥에 내려놓고 차는킥도 인플레이 상황이라 골로 인정됩니다,77E63r67prA
@GentleCustom,2,바운드가 되거나 볼터치가 발생되면 득점인정 됩니다. 저게 실제 상황이라면 상대키퍼의 터치가 있었기 때문에 득점 인정입니다.,77E63r67prA
@하루하루행복-f9q,1,저게 왜 노골이래? 상대 키퍼 손에 맞던 안맞던 손으로 올려서 발로 찻으니 골맞음,77E63r67prA
@1stimpact197,1,억지로 상승곡선 늘린게 눈에 뵈는구먼,77E63r67prA
@Story-n8i,1,경기장이작은거아냐?? 저기까지 어케날라가,77E63r67prA
@원준-o1k,1,독수리슛 골~~,77E63r67prA
@godgood572,0,몇번을 되돌리는거야,77E63r67prA
@l9뵬사람_냬챼녈_Oc52P0,0,억지로 상승곡선 늘렸다가 바로 보임 ㄷㄷ,77E63r67prA
@deca9855,0,ㅋ 포물선이  아니구 공이 v자를 그리고 날라가네?,77E63r67prA
@평생웹소설독자일듯,0,골키퍼 5명 + 골대 5배너비 + 공 무한 골키퍼들의 슛 정확성 테스트게임,77E63r67prA
@Maydj,0,응 노골,77E63r67prA
@trysystem9445,0,골키퍼가 손에 들고 저렇게 차면 노골인데....,77E63r67prA
@jks-bv8km,0,노골임,77E63r67prA
@김희찬-u5q,0,이거 골인가요?,77E63r67prA
@일개미-q7o,0,미니구장,77E63r67prA
@Cori88,0,골 킥 노바운딩 슛 전대미문,77E63r67prA
@I9얏둉저장소5bk1,46,ㄷㄷ 걔들 진짜 반칙이네!!,wqG1GVxowP4
@DG-jd8py,11,앞으로 이런 상황이 생길때 규정이 생긴다면 규정에 의해 하겠지만 지금의 코너킥에는 어떤 규정이 없으니 진행 한것에. 전혀 문제가 없다고 본다,wqG1GVxowP4
@매니아-l7o,2,그냥 스포츠정신의 비 매너지,wqG1GVxowP4
@골든크로스61,1,당연 괜찮지 터치순간 이미 플레이 상태니까요,wqG1GVxowP4
@Park-iw9ez,1,당연히 괜찮치요,wqG1GVxowP4
@이태호-b5e,1,깃발로 경기시작신호를 해야지요.,wqG1GVxowP4
@태양태양-b9b,1,저놈은 사기꾼이다  저런 사기꾼은 선수직 박탈하라,wqG1GVxowP4
@손영훈-r1g,1,첫번째 선수가 살짝킥한거야 상대는 모르겠지 심판은 확인한거지 두번째선수가 그냥 몰고가서 슛때린거다 정상적이다,wqG1GVxowP4
@리-f7u,1,심판 먹었구먼,wqG1GVxowP4
@원석희-k1x,1,작전이지 근데 심판은 뭔가 싸인이 있어야 되지,wqG1GVxowP4
@chacha-y2q,1,안된다는 규정이 있으면 반칙   없으면 요령...,wqG1GVxowP4
@강진산-m4v,1,이런 순전히 이건 꼼수지 당현히 무효지 살다살다 이쩬 멸꼴다보네 스포츠까지. ㅊㅊㅊㅊㅊ,wqG1GVxowP4
@장쌍카폴,1,스포츠는 반칙으로 이긴다는 생각은 죽은 스포츠맨쉽이다 저게 정직하지 못한 짖이다 쪼잔한 사기 스포츠는 퇴장감이다 11명 레드카드🤣,wqG1GVxowP4
@피온중독자,0,아니 왜 자꾸 반칙  사기 이러는거야 제발 축구를 모르면 가만히 있다 애들아,wqG1GVxowP4
@피온중독자,0,댓글 보니까 반칙이다  스포츠정신이 어긋난다  정정당당하지 않다 등 욕을 하시는데 저것도 하나에 코너킥 전략이며 프로선수도 종종 쓰는 코너킥 전략입니다 그리고 A선수가 발로 건드렸기에 그 순간부터 인플레이입니다 그걸 못본 상대선수가 집중을 안해서 B선수가 가서 드리블하여 골을 넣은 것이기때문에 규정상  아무런 문제가 없습니다 즉 반칙이 아니라는 말입니다 근데 보다가 황당한 댓글을 봤는데 코너킥  프리킥은 공이 한바퀴 이상 돌아야 한다 라고 하는데 그렇게 따지면 호날두 프리킥골 약 40%이상이 취소되어야 합니다 왜냐하면 호날두는 무회전 프리킥을 많이 차거든요 그리고 저것도 이기기위한 전술이기에 스포츠정신에 어긋나지 않습니다 기준이 어떻게 되어있는지 머리를 열어보고 싶네요 제발 축구를 잘 모르면 욕하지 마시죠,wqG1GVxowP4
@봉석윤-t3v,0,논두렁 축구하나?,wqG1GVxowP4
@오정호-v9d,0,규정상 반칙은 ㅇ니지만 양아치네,wqG1GVxowP4
@J베스토피아,0,호각을부른후 차야지,wqG1GVxowP4
@고급전사,0,됨 선심이 봤으면됨,wqG1GVxowP4
@오나라-q3m,0,괜찬아 좋아 어차피 심판이있으니께 난 괜찬타고 생각해,wqG1GVxowP4
@민지석-e8h,49,잘치든 못치든 호동이 폼은 솔직히 개폼이다 골프는 어느정도는 폼이 나와야 하는 운동이다,Wcc-f3mjvh8
@김종성-f7f,19,저 등치에 200  220미터라니.. 그리고 150을 유틸로.. ㅋㅋㅋ,Wcc-f3mjvh8
@charliechung6665,19,세상에서 제일로 앙증맞은 백스윙 !!!,Wcc-f3mjvh8
@Iphonesuk,8,솔직히 키도 크고. 체격도 장난아닌데 300은 치셔야함. 요즘은 필드에서 250m치는 사람 흔함. 나도 평균 그정도 나감.  욕심부려야 20m 더 나가는데 슬라이스나니 힘 빼고 치는건데. 강호동 스윙 궤도가 애초에 하프...도 아닌 강화 똑딱이 스윙이라 궤적은 좋아서 저렇게 치는걸수도. 물론 200m만쳐도 아이언 나가는 거리나 정확도가 싱글은 가능한데.. 저 체구에 200은 보기에 너뮤 아쉬움 ㅋㅋ 풀스윙으로 치면 진심 300m는 그냥 나갈건데,Wcc-f3mjvh8
@jinwook11able,7,역시 대호가 스윙이 부드럽네..,Wcc-f3mjvh8
@smileteresa8933,6,둘다 잘치는구만 ㅎ80대초중반?,Wcc-f3mjvh8
@myungsukkang504,5,실제로 골프 같이 쳐보면 보기플레이하는애들 드물다. 오케이  멀리건  첫홀올파 기본 깔고 90개 쳐놓고 진짜 90개 치는줄 암ㅋ 비웃고 갑니다. 이대호 강호동 잘치는수준임.,Wcc-f3mjvh8
@jspark7640,4,강호동 은 당겨치는샷,Wcc-f3mjvh8
@sisimma,4,조선이 망한지가 언젠데 조선의 4번타자인가? 일본이 그토록 그리워하는 조선을...😢,Wcc-f3mjvh8
@khyun2740,3,강호동 덩치는 큰데 200미터 짤순이 ㅎㅎ,Wcc-f3mjvh8
@-OnceLife-,2,이게 둘다 씨름 야구에서 운동선수로써 한획을 그었어도   골프가 어려운 이유 입니다. 둘다 키가 있으니까 그나마 저정도 치는 겁니다. 이대호는 그립교정부터 시급하네요..ㅋ,Wcc-f3mjvh8
@톨스토이-s5w,2,둘다 폼은 영 아닌듯~ ㅋ,Wcc-f3mjvh8
@확실하게-s7w,2,호동이 폼은 떠 올리는폼  그냥 아줌마 폼  이대호는  빠따만  30년 휘둘렀는데 게임이 되냐 ㅋㅈㅋㅋ,Wcc-f3mjvh8
@김병두-x4o,1,거리는. 멀리나가나.  골프치는폼은 완전 개폼이네 완전 잘못배웠네,Wcc-f3mjvh8
@디자인에디터,1,두 뚱보 폼이 진짜 별로네,Wcc-f3mjvh8
@윤정환-n2b,1,잘친다고 들었던거 같은데?... 잔 쳐야 80대 중후반? 그정돈데,Wcc-f3mjvh8
@cocosno2191,1,저따구로 치는데 그래도 얼추 되네,Wcc-f3mjvh8
@sogeum220,1,배나온 아재들 공치는 폼보면 다 강호동같던데 (내남편),Wcc-f3mjvh8
@민달팽이-r7r,1,비거리욕심내는 사람치고 평균 80대 치는 사람 못봄 ㅋㅋㅋ,Wcc-f3mjvh8
@charlieshin9513,1,둘다 힘으로 어거지로 치네요.. 교습을 조금만 받으면 훨씬 나을텐데요 ㅎㅎㅎ,Wcc-f3mjvh8
@클릭_I9X_딸슐랭_G4O1,1190,*이대형 해설의 매력은 듣는 사람조차 일타강사가 되는 기분을 느끼게 하는 강의 같은 해설입니다!*,dYDQF1JqPr4
@godot4764,8,다른해설 : 팬들 머리 속에도 있는 내용  킹대형  해설 : 전혀 몰랐거나 궁금했던거 콕 찝어서 알려줘서 팬들 기분 좋게 만들어줌,dYDQF1JqPr4
@januaryjj2122,5,해설 내용도 좋은데 목소리도 좋고 딕션도 좋고 듣기 편해서 좋음,dYDQF1JqPr4
@Flysky8282,4,이대형의 야구 해설 수준은 일타강사 저리가라임 야구 해설만 20년 한 사람같음,dYDQF1JqPr4
@김영진-h5n,3,대형이가 해설하면서 F1 해설자분들처럼  알기쉽고 깔끔하게 설명도해주고 심지어 앞을 내다보는 스킬이 어마어마해서 더 재미있게보고 있는 1인😊😊😊😊😊,dYDQF1JqPr4
@토토-o3g,2,이대형님 해설 최고에요❤,dYDQF1JqPr4
@rollolloll-7,2,이대형이 해설하는 경기보면 재미가 두배❤,dYDQF1JqPr4
@지니-c2y8q,2,캐스터도 잘받쳐주고 잘들어줌 둘이 찰떡궁합,dYDQF1JqPr4
@butterflyvideo8618,1,44년 야구를 수 없이 봐왔지만 최고의 해설은 이대형임. 진심임,dYDQF1JqPr4
@이치피닉스,1,류현진 와인드업 자세가 발을 약간 수정하면서 잔발처럼 디디는 자세가 있어서 주자가 있으면 보크로 볼 여지가 있긴 해 보이긴 함..,dYDQF1JqPr4
@ChrisLee-nk5ns,1,야구 인강 강사인가 ㄷㄷㄷ,dYDQF1JqPr4
@wyk486,1,이대형 해설은.. 믿고본다. 개잘해,dYDQF1JqPr4
@빌포터,1,대도는 선수때보다 해설이 놀라울정도네,dYDQF1JqPr4
@김아무개-g5v,1,야알못 입장에서 이대형님 때문에 다른 야구중계가 더 어려워짐 다른 중계 볼때 상황 룰 선수들의 심리 보단 잘던졌어요 잘쳤어요 잘잡았어요 이런거만 말하는 느낌 내 고막 돌려내,dYDQF1JqPr4
@TV-or1st,0,덩치가...누가심판이냐,dYDQF1JqPr4
@샤이보이-y3z,0,박용택은 아무말안했을듯,dYDQF1JqPr4
@이혈-z5i,0,류현진 키 194 아닌가.. ㅋㅋㅋㅋ 심판도 개크네,dYDQF1JqPr4
@academian9827,0,이대형만 제대로 해설이라는걸 한다고 생각함 나머지는 그냥 다 나도 아는거 말함,dYDQF1JqPr4
@jkoopyhgg,0,송재우 김형준은 야구안해봐서 모를듯,dYDQF1JqPr4
@최형식-e4w,0,류현진이 심판한테 가면 심판도 긴장할듯,dYDQF1JqPr4
@jongbeomjeong,22,서울도몰라서 saeoul은 진짜 mlb수준😂,5EWkLySAMa8
@Tamasi-s4d,11,이건 문화차이임. 우리나라는 속인주의가 기본으로 세팅되어 있는데 서양애들은 속지주의가 기본임. 즉 이정후 같은 케이스는 정확히 알고 있을때 한국인들은 이정후를 한국인으로 인식하고 미국인들은 일본인으로 인식함. 같은 케이스로 우리나라 노벨상 수상자 중에 한국에서 태어난 외국인 노벨화학상 수상자가 있음.,5EWkLySAMa8
@이영준-i4c,8,서울 스펠링이 seaoul이 맞아..? seoul 아녔어..?,5EWkLySAMa8
@김생-k2u,4,이정후는 대한민국 사람임을 왜곡하지말라!,5EWkLySAMa8
@jamielannister3721,2,원래 고향은 태어난 곳이 아니라 자기가 성장하고 기억에 남는 곳을 진짜 고향이라고 여기는 사람이 훨씬 더 많음. 나도 서울에서 태어나서 4살에 부산으로 와서 쭉 살았기때문에 서울에서 살던 기억은 하나도 없고 서울에 아무 감정도 없고 부산을 유일하고 진정한 고향으로 생각함. 표준국어대사전에도 고향의 의미를 태어나서 자란곳  조상이 대대로 살아온곳  마음 속에 깊이 간직한 정든 곳이라고 적혀있음,5EWkLySAMa8
@오예-t1w,2,아따 나으 고향은 서울이랑께요 ㅋㅋㅋ,5EWkLySAMa8
@kkk5441,2,전라도는 인재가 끊이질 않는구나,5EWkLySAMa8
@북한산호랑이-k3v,1,전라도에서 태어나서 일본으로 바꾼줄,5EWkLySAMa8
@kimkoni5417,1,광주에서 2살때부터 13살까지 살았는데 왜 ㅠ,5EWkLySAMa8
@서울촌놈-g8k,1,태생지(=출생지)와 고향은 다른 개념입니다. 출생지는 그냥 태어만 난 곳  고향은 성인이 되기 전 유년기와 청소년기를 지내서 지역색과 지역정신을 공유한 곳을 의미 합니다. MLB에서 출생지를 표시하는 이유는 성골 프랜차이즈 스타 구분과 이 사람의 정신적 뿌리를 알아보기 쉽게 하기 위함이니  스스로의 정체성이 서울사람이니  이정후의 주장이 맞습니다.,5EWkLySAMa8
@메르쎄데스,1,전라도 출신 숨기려고ㅋㅋㅋㅋㅋ,5EWkLySAMa8
@K1LEN_B,1,퉁 퉁 퉁 퉁 퉁 퉁 퉁 퉁 퉁 사후르 트랄라레오 트랄랄라 봄바르디오 크로커딜로,5EWkLySAMa8
@bravo9423,1,광주였으면 고소했을듯😂,5EWkLySAMa8
@seungseung1381,1,얼마전에 일본 여행 갔을 때 서점 들릴 일이 있어서 갔다가 일본 mlb잡지 두권을 봤음. 한권은 이정후 옆에 일장기가 걸려있었고  한권은 태극기가 걸려있는데  일장기를 보자마자 허 하고 어이가 없더라 ㄹㅇ,5EWkLySAMa8
@bburung2,1,일본 야구팬들 이정후 진짜좋아함 그래서 일본으로 제발 와달라고 했었음,5EWkLySAMa8
@남강철새,1,일본에서 태어나서 그렇게 표기한게 무슨 문제인가,5EWkLySAMa8
@심우진-z4r,1,출생지는 뭐 그럴 수 있지 했는데  옆에 일장기가 있는 것을 보니 바꿀만했네 ㅋㅋㅋ,5EWkLySAMa8
@군자산-o4g,1,바꾸는거 아니다. 로버츠도  ㅇㆍ키나와로 되었어  그렀다고  일본인으로  생각안함. 그럼 전라도 라고 주홍글씨  박어라  잣된다,5EWkLySAMa8
@dnej9498,1,출생지가 아니라 국적 오기 된걸 바꿔야지,5EWkLySAMa8
@하하핫-n5x,1,출생지가 나고야면 나고야지 왜 감추는거임?  부끄러워?,5EWkLySAMa8
@보미-j3q,5,감사합니다.  별 사람 다있죠. 댓글들은 신경쓰지 마세요.,jXTf4foCoxI
@nampro72,4,힘을 잘 쓰는 방법 조금씩 만들어 보세요👍  🔸️레슨문의는 02 553 1872 강남 테헤란로 520 삼안빌딩 네이버에 '레인지엑스 삼성',jXTf4foCoxI
@상쾌한아침-b4r,2,드라이버 칠때도 왼허벅지에서 손목이 풀리게 하는데 맞는걸까요??,jXTf4foCoxI
@DJ-sc5pl,2,감사합니다~^^ 참고해서 연습해보겠습니다~!!,jXTf4foCoxI
@우리는지금,2,좋은방법 감사합니다 ❤~~,jXTf4foCoxI
@brochoi655,1,뭔말이야 도대체.........이럴거면 말하지 말고 냅다 스윙만 해서 올려요,jXTf4foCoxI
@clsiqjb123,1,힘빼고 ( x ) 힘을 주고 빼는 구간이 있음 ( o ),jXTf4foCoxI
@머리하는성한쌤,0,혹시  샤프트어떤거쓰신건가용?!,jXTf4foCoxI
@cayman1451,0,다 그렇게 한다고요 ...ㅠㅠ근데도 안되니까 문제죠,jXTf4foCoxI
@김성수-d9l3k,0,공은 평소보다 (공 2개 정도) 더 왼발쪽에 두고 + 그립끝이 왼쪽허벅지 앞에 위치한 상태에서 클럽이 펼쳐지게 타이밍을 잡는 연습. (설명하는 말을 구문론에 맞게 쓰려고 하니까 어렵네..),jXTf4foCoxI
@양복현,0,말장난도 이런말장난이있나 그럼 힘빼세요를 저렇게받아드릴수있는초보가어딨나요?,jXTf4foCoxI
@twopersimmons,0,매주 라운딩 하다가 짜증나서 요즘 안갑니다  왜 나는 죽으라고 연습하고 힘을 줘도 7번 아이언이 140을 못넘겨요 나이도 있긴 하지만,jXTf4foCoxI
@오세준-k6o,0,늦게쳐서 그런거지 힘빼고 빠르게치는거지,jXTf4foCoxI
@니니-q5k,0,ㅠㅠ골프배운지 2개월차.. 정말어려워여ㅠㅠ,jXTf4foCoxI
@앵벌이-t4z,0,감사합니다.,jXTf4foCoxI
@휴휴-w5y,0,님도 오른쪽허벅지도전에 클럽이 풀리기시작하는데요??,jXTf4foCoxI
@무릉도원-f4n,2,맥와이어가 인성도좋고 착하네~,hqR9xCsZ_g4
@belllll,2,진짜 존나 멋있다ㅜㅜ,hqR9xCsZ_g4
@Roo_t,2,맹과이어 존나게 놀렸는데 진짜 멋있네...,hqR9xCsZ_g4
@ETGall,2,내가 본 축구선수중 가장 강한사람,hqR9xCsZ_g4
@Ygs-o9b,2,매과이어는 진짜 리스펙한다,hqR9xCsZ_g4
@hyeoooook,2,예전에 영국가서 맨유 팬들이 얼마나 과하게 선수들을 욕하는지 직접 봤기 때문에 너무 안타까웠는데 잘 풀려서 다행임..,hqR9xCsZ_g4
@Floki0829,2,걍 지난일 생각을 전혀 못하는 팬덤인게 매과이어 이적후에 진짜 잘했는데 데헤아 출전시간이랑 비슷할 정도로 몇시즌 풀출전으로 개갈렸음 그래서 혹사로 번아웃 오고 맛탱이 갔던건데 걍 못하니까 이전에 잘했던거 혹사시킨거 다 기억못하고 그저 욕만함ㅋㅋㅋ 그 팬덤중에 매과이어 혹사당한거 아는 사람 몇이나 있나 싶네 ㅋㅋㅋ "하이라이트형 팬",hqR9xCsZ_g4
@구르카-k3l,1,매과이어  아놀드  수아레즈  등 팬과 선수의 입장을 재조명할 필요가 있음,hqR9xCsZ_g4
@마늘치킨-z4j,1,이 영상 하나로 그가 다시 보인다..,hqR9xCsZ_g4
@lovehase10,1,구맨유선수들 시애미질부터 좀 하지말라그래 로이킨 지가 뭐라고 티비나와서 현역선수들을 쳐 비웃냐? 나이를 똥구멍으로 쳐먹었나,hqR9xCsZ_g4
@ceedee1am,1,존나 멋있고 강인한 사람이네,hqR9xCsZ_g4
@건빵-k6j,1,그래도 견뎌서 다행이고 그땐 못해도 너무 못했고,hqR9xCsZ_g4
@Kkkhg20,1,박지성이 보였습니다. 정말 멋진선수들.... 박지성 그립습니다.,hqR9xCsZ_g4
@theclassics5042,1,멘탈갑…! 보면서 배운다,hqR9xCsZ_g4
@푸우님-r3r,1,동네 바보형 같다 ㅎ,hqR9xCsZ_g4
@Yeosutt,1,여기 댓글 중 절반은 분명 매과이어 까던 새끼들임ㅋㅋ 매과이어는 진짜 자살 안 한게 레전드 멘탈임. 본토는 기본이고 전 세계에서 욕이란 욕은 다 들어쳐먹었는데 버티고 다시 날아오른게 말이 안 됨.,hqR9xCsZ_g4
@무하-i4e,1,멘탈하나는 ㄹㅇ goat다,hqR9xCsZ_g4
@diamondbackhide4877,1,진짜 스포츠는 멘탈인거 같다. 부진할때 까이는거 보면 저게 진짜 보통 사람들은 정신적으로 어떨까,hqR9xCsZ_g4
@steelman2469,1,매과이어 잘되서 좋다.,hqR9xCsZ_g4
@u6g-v1f,1,인류역사상 가장 비싼 수비수였잖어. 그레서 다른 선수들에 비해 유독 과도한 비난을 받은거지 매과이어는 흔들리던 시기가 있었을 뿐 언제나 잘했음,hqR9xCsZ_g4
@꾤리는거_냬챼녈_IJ5N3q,57,놓친 골보다 넣을 수 있는 골이 더 많다는 거지 ㅋㅋ 소니선수님 진짜 최고다! 평생 응원할게!! 🙌,XRvL8_DN5yA
@khl4643,7,아니야 흥민아... 못찼어.... 그건 아니였어...,XRvL8_DN5yA
@별란-t5f,5,뻘소리하네 ㅋㅋ 저건 메시나 호날두급 월클이면 절대 안놓칠 골인데 ㅋㅋ 그냥 누가봐도 월클 공격수냐 아니냐의 차이가 저 결정력에서 나오는거임 ㅋㅋ,XRvL8_DN5yA
@성이름-g6b8w,5,딱히 음바페나 비니시우스 같은 선수들 보면 저기서 때리는게 아니라 한번 더 치고 나가면서 키퍼를 그냥 제낌 보통  각도가 좁은 상황에서 슈팅을 때리니 당연히 막힌거지,XRvL8_DN5yA
@공두오,5,무관인데는 이유가 있다,XRvL8_DN5yA
@Solskajer-w9t,4,알았으니 국대 은퇴하고 후배들 기회좀줘....그간 정말 수고했어...,XRvL8_DN5yA
@우왕-p8q,4,ㅋㅋㅋㅋ지가 못찼다고는 절대 안하네,XRvL8_DN5yA
@루피루피루피루피,4,팩트:저 스피드로 달리면서 찍어차는건 손흥민은 못함.,XRvL8_DN5yA
@호랭이-x5d,3,그냥 못찼는데??,XRvL8_DN5yA
@장경환-x6v,3,손거품 FC서울이 답이다,XRvL8_DN5yA
@로로루-g9w,3,누가봐도 찍어차야 하는 상황아니었나? 느그흥 답다 참 ㅉㅉ,XRvL8_DN5yA
@iiiiiiiiiiiiIiilllll-r9n,3,나쁘지 않은 선택 (발 뒤꿈치로 슈팅하여 결정적인 골을 놓치며),XRvL8_DN5yA
@user-bytoki,3,아무리봐도 잘찬건 아님. 공부해서 지금 15위,XRvL8_DN5yA
@Deoknaldo,3,무관에서도 배울점이 많지,XRvL8_DN5yA
@serkoop,3,결론은 안찍고 그냥 때려서 막혔다는거 아님? 오르테가가 키작은 편 인데 찍어차지 않았다는건 걍 못찼다는 거잖아,XRvL8_DN5yA
@Heurvvt32,3,존나 못찼는데요,XRvL8_DN5yA
@주폭검,3,변명이 ㅈㄴ 많아지네 나이 먹으니까 얘도 ㅋㅋㅋㅋㅋ,XRvL8_DN5yA
@user-newjeans_getout,2,솔직히 잘찬건 아니지 ㅋㅋㅋ 누가 땅볼로 차냐 ㅋㅋㅋㅋㅋㅋ,XRvL8_DN5yA
@Won-f9y,2,국대서 조규성이 저랬어봐ㅋㅋㅋㅋㅋ 댓글창 불타오른다 ㅋㅋㅋ,XRvL8_DN5yA
@bigstar3147,2,그냥 제쳤어야해,XRvL8_DN5yA
